id,imageUrl,kcalories,class,llm_food_name,llm_image_class,llm_calories,llm_protein,llm_fat,llm_carbs,llm_weight,llm_confidence,llm_calorie_basis,llm_text_readability,llm_portion_difficulty,llm_error_risk,llm_is_single_item,llm_is_mixed_dish,llm_error
"94","https://gwhqshlpglptxsexagcz.supabase.co/storage/v1/object/public/images/6a8cf369-8209-4a7e-beb4-7578374b0aee/photo-1762166603752.jpg","0","label","Ирис «Кис-Кис» с молочным вкусом и арахисом","product","","5.5","15","70","","high","package_text","high","medium","low","true","false",""
"52","https://gwhqshlpglptxsexagcz.supabase.co/storage/v1/object/public/images/1cb31d81-ddea-4f5e-bbd9-758f10ffb845/photo-1762111715878.jpg","70","product","Хурма","product","","","","","97","high","visual_estimate","high","low","low","true","false",""
"127","https://gwhqshlpglptxsexagcz.supabase.co/storage/v1/object/public/images/6a8cf369-8209-4a7e-beb4-7578374b0aee/photo-1762343300174.jpg","130","nutrition_label","Замороженный фруктовый лед со вкусом яблока и ананаса","nutrition_label","130","0","0","31","","high","nutrition_table","medium","low","low","true","false",""
"202","https://gwhqshlpglptxsexagcz.supabase.co/storage/v1/object/public/images/1cb31d81-ddea-4f5e-bbd9-758f10ffb845/photo-1762897738099.jpg","150","label","Шаурма с курицей","product","150","11.3","9.6","16","250","high","package_text","high","low","low","true","true",""
"204","https://gwhqshlpglptxsexagcz.supabase.co/storage/v1/object/public/images/1cb31d81-ddea-4f5e-bbd9-758f10ffb845/photo-1762940023456.jpg","80","product","Зерна граната","product","78","1.7","1.2","18.7","120","medium","visual_estimate","none","low","low","true","false",""
"206","https://gwhqshlpglptxsexagcz.supabase.co/storage/v1/object/public/images/21c0d998-83d4-46a6-926a-cd0f86d58529/photo-1762940455591.jpg","130","product","Рис","product","130","2.7","0.3","28","200","high","visual_estimate","none","medium","medium","true","false",""
"208","https://gwhqshlpglptxsexagcz.supabase.co/storage/v1/object/public/images/21c0d998-83d4-46a6-926a-cd0f86d58529/photo-1762940625723.jpg","120","nutrition_label","Йогурт питьевой ""Зимний пунш""","nutrition_label","120","5.7","4.8","13.1","","high","nutrition_table","high","medium","low","true","false",""
"210","https://gwhqshlpglptxsexagcz.supabase.co/storage/v1/object/public/images/1cb31d81-ddea-4f5e-bbd9-758f10ffb845/photo-1762940955604.jpg","147","product","Банан","product","142","1.76","0.53","36.64","160","high","mixed","high","low","low","true","false",""
"212","https://gwhqshlpglptxsexagcz.supabase.co/storage/v1/object/public/images/1cb31d81-ddea-4f5e-bbd9-758f10ffb845/photo-1762941285928.jpg","120","label","Йогурт с наполнителем «Зимний пунш»","product","","","4.8","","130","high","package_text","high","low","low","true","false",""
"213","https://gwhqshlpglptxsexagcz.supabase.co/storage/v1/object/public/images/21c0d998-83d4-46a6-926a-cd0f86d58529/photo-1762941387373.jpg","435","nutrition_label","Печенье ""Крендельки Coffee""","nutrition_label","435","6","15","69","100","high","nutrition_table","high","medium","low","true","false",""
"220","https://gwhqshlpglptxsexagcz.supabase.co/storage/v1/object/public/images/1cb31d81-ddea-4f5e-bbd9-758f10ffb845/photo-1762951214720.jpg","41","product","Морковь","product","41","0.9","0.2","9.6","","high","visual_estimate","none","low","low","true","false",""
"224","https://gwhqshlpglptxsexagcz.supabase.co/storage/v1/object/public/images/1cb31d81-ddea-4f5e-bbd9-758f10ffb845/photo-1762963339362.jpg","128","nutrition_label","Творог мягкий с шоколадной крошкой","nutrition_label","128","7","6.7","10","125","high","nutrition_table","high","low","low","true","false",""
"226","https://gwhqshlpglptxsexagcz.supabase.co/storage/v1/object/public/images/1cb31d81-ddea-4f5e-bbd9-758f10ffb845/photo-1763127292858.jpg","269","nutrition_label","Котлеты по-киевски с сырной начинкой с картофельным пюре","nutrition_label","269.2","13.3","16","18","270","high","nutrition_table","high","low","low","true","true",""
"225","https://gwhqshlpglptxsexagcz.supabase.co/storage/v1/object/public/images/1cb31d81-ddea-4f5e-bbd9-758f10ffb845/photo-1763127284359.jpg","339","nutrition_label","Пирожное «Кольцо творожное»","nutrition_label","338.5","6.7","17.7","38.1","100","high","nutrition_table","high","low","low","true","false",""
"227","https://gwhqshlpglptxsexagcz.supabase.co/storage/v1/object/public/images/1cb31d81-ddea-4f5e-bbd9-758f10ffb845/photo-1763147207349.jpg","179","nutrition_label","Пельмени отварные с курицей","nutrition_label","179.4","11.4","6.2","19.5","200","high","nutrition_table","high","low","low","true","false",""
"233","https://gwhqshlpglptxsexagcz.supabase.co/storage/v1/object/public/images/1cb31d81-ddea-4f5e-bbd9-758f10ffb845/photo-1763150270235.jpg","41","product","Морковь","product","41","0.9","0.2","9.6","60","high","visual_estimate","none","low","low","true","false",""
"243","https://gwhqshlpglptxsexagcz.supabase.co/storage/v1/object/public/images/1cb31d81-ddea-4f5e-bbd9-758f10ffb845/photo-1763199208029.jpg","61","product","Морковь","product","67.2","1.68","0.336","16.632","168","high","mixed","high","low","low","true","false",""
"244","https://gwhqshlpglptxsexagcz.supabase.co/storage/v1/object/public/images/1cb31d81-ddea-4f5e-bbd9-758f10ffb845/photo-1763199404118.jpg","398","label","Батончик-мюсли с клюквой","product","397.6","4.4","6","77.6","55","high","package_text","high","low","low","true","false",""
"245","https://gwhqshlpglptxsexagcz.supabase.co/storage/v1/object/public/images/1cb31d81-ddea-4f5e-bbd9-758f10ffb845/photo-1763205458897.jpg","100","nutrition_label","Клаб-сэндвич с куриным пате и копчёно-варёным беконом","nutrition_label","459","17.1","24.48","42.48","180","high","nutrition_table","high","low","low","true","true",""
"249","https://gwhqshlpglptxsexagcz.supabase.co/storage/v1/object/public/images/69b55e45-6d67-4694-8033-ec22823e3741/photo-1763233500521.jpg","","label","напиток","product","","","","","","low","visual_estimate","low","medium","high","true","false",""
"260","https://gwhqshlpglptxsexagcz.supabase.co/storage/v1/object/public/images/1cb31d81-ddea-4f5e-bbd9-758f10ffb845/photo-1763279633426.jpg","217","nutrition_label","Сырники творожные с клубничной начинкой","nutrition_label","217.2","12.9","8.4","22.5","130","high","nutrition_table","high","low","low","false","true",""
"261","https://gwhqshlpglptxsexagcz.supabase.co/storage/v1/object/public/images/1cb31d81-ddea-4f5e-bbd9-758f10ffb845/photo-1763290127583.jpg","521","nutrition_label","мороженое","nutrition_label","182","","","","35","high","nutrition_table","medium","low","low","true","false",""
"279","https://gwhqshlpglptxsexagcz.supabase.co/storage/v1/object/public/images/1cb31d81-ddea-4f5e-bbd9-758f10ffb845/photo-1763367663570.jpg","442","nutrition_label","Овсяное печенье с клюквой","nutrition_label","441.5","10","18.3","59.2","200","high","nutrition_table","high","medium","low","false","false",""
"262","https://gwhqshlpglptxsexagcz.supabase.co/storage/v1/object/public/images/1cb31d81-ddea-4f5e-bbd9-758f10ffb845/photo-1763290335647.jpg","360","label","Конфеты","product","360.1","8","15","44.9","60","high","package_text","high","low","low","false","false",""
"280","https://gwhqshlpglptxsexagcz.supabase.co/storage/v1/object/public/images/1cb31d81-ddea-4f5e-bbd9-758f10ffb845/photo-1763377814758.jpg","365","nutrition_label","Сэндвич-ролл с лососем и шпинатом","nutrition_label","365","15.2","16","40","160","high","nutrition_table","high","low","low","true","false",""
"265","https://gwhqshlpglptxsexagcz.supabase.co/storage/v1/object/public/images/1cb31d81-ddea-4f5e-bbd9-758f10ffb845/photo-1763292529956.jpg","175","nutrition_label","Картофель по-деревенски","nutrition_label","174.6","3.3","5.5","28.2","","high","nutrition_table","high","medium","low","true","false",""
"264","https://gwhqshlpglptxsexagcz.supabase.co/storage/v1/object/public/images/1cb31d81-ddea-4f5e-bbd9-758f10ffb845/photo-1763292522383.jpg","260","label","Куриные наггетсы","label","260","11.8","14.2","21.3","110","high","package_text","high","low","low","true","false",""
"266","https://gwhqshlpglptxsexagcz.supabase.co/storage/v1/object/public/images/1cb31d81-ddea-4f5e-bbd9-758f10ffb845/photo-1763312581942.jpg","193","label","Сэндвич-ролл в тортилье с омлетом, курицей и соусом «Ранч»","product","193","9.74","10.63","14.47","210","high","package_text","high","low","low","true","false",""
"267","https://gwhqshlpglptxsexagcz.supabase.co/storage/v1/object/public/images/1cb31d81-ddea-4f5e-bbd9-758f10ffb845/photo-1763312595496.jpg","200","nutrition_label","Сэндвич-ролл с курицей и соусом Спейси","nutrition_label","200.6","8","9","21.9","180","high","nutrition_table","high","low","low","true","true",""
"269","https://gwhqshlpglptxsexagcz.supabase.co/storage/v1/object/public/images/1cb31d81-ddea-4f5e-bbd9-758f10ffb845/photo-1763323281335.jpg","116","nutrition_label","Фруктово-ореховый батончик","nutrition_label","116","2.4","2.9","19.4","30","high","nutrition_table","medium","low","low","true","false",""
"263","https://gwhqshlpglptxsexagcz.supabase.co/storage/v1/object/public/images/1cb31d81-ddea-4f5e-bbd9-758f10ffb845/photo-1763292464615.jpg","52","nutrition_label","Морс ягодный «Клюква»","nutrition_label","51.9","","","12.9","450","high","nutrition_table","high","low","low","true","false",""
"288","https://gwhqshlpglptxsexagcz.supabase.co/storage/v1/object/public/images/1cb31d81-ddea-4f5e-bbd9-758f10ffb845/photo-1763473146434.jpg","409","label","Пирожные «Профитроли» с сыром рикотта","nutrition_label","408.5","6.9","28.1","32","150","high","nutrition_table","high","low","low","false","true",""
"281","https://gwhqshlpglptxsexagcz.supabase.co/storage/v1/object/public/images/6a8cf369-8209-4a7e-beb4-7578374b0aee/photo-1763379629463.jpg","176","nutrition_label","Шоколадный батончик","nutrition_label","294","","33","53","60","medium","nutrition_table","medium","low","low","true","false",""
"282","https://gwhqshlpglptxsexagcz.supabase.co/storage/v1/object/public/images/1cb31d81-ddea-4f5e-bbd9-758f10ffb845/photo-1763414742774.jpg","210","nutrition_label","Блинчики с малиной и клубникой","nutrition_label","210","5","9","27","210","high","nutrition_table","high","low","low","false","false",""
"284","https://gwhqshlpglptxsexagcz.supabase.co/storage/v1/object/public/images/1cb31d81-ddea-4f5e-bbd9-758f10ffb845/photo-1763456330457.jpg","150","product","Жареный рис с яйцом","product","250","8","10","30","250","medium","visual_estimate","none","low","medium","false","true",""
"286","https://gwhqshlpglptxsexagcz.supabase.co/storage/v1/object/public/images/1cb31d81-ddea-4f5e-bbd9-758f10ffb845/photo-1763456999983.jpg","440","nutrition_label","Протеиновый батончик","nutrition_label","141","8.9","3.7","7.3","32","high","nutrition_table","medium","low","low","true","false",""
"289","https://gwhqshlpglptxsexagcz.supabase.co/storage/v1/object/public/images/1cb31d81-ddea-4f5e-bbd9-758f10ffb845/photo-1763656113815.jpg","","label","не еда","non_edible","","","","","","low","visual_estimate","none","low","high","false","false",""
"290","https://gwhqshlpglptxsexagcz.supabase.co/storage/v1/object/public/images/1cb31d81-ddea-4f5e-bbd9-758f10ffb845/photo-1763656149683.jpg","","product","Неизвестный напиток в бутылке","product","","","","","","low","visual_estimate","none","medium","high","true","false",""
"291","https://gwhqshlpglptxsexagcz.supabase.co/storage/v1/object/public/images/1cb31d81-ddea-4f5e-bbd9-758f10ffb845/photo-1763656175666.jpg","","label","","","","","","","","","","","","","","","parse_error"
"293","https://gwhqshlpglptxsexagcz.supabase.co/storage/v1/object/public/images/1cb31d81-ddea-4f5e-bbd9-758f10ffb845/photo-1763656228508.jpg","","label","","","","","","","","","","","","","","","parse_error"
"299","https://gwhqshlpglptxsexagcz.supabase.co/storage/v1/object/public/images/1cb31d81-ddea-4f5e-bbd9-758f10ffb845/photo-1763726277158.jpg","10","non_edible","","","","","","","","","","","","","","",""
"300","https://gwhqshlpglptxsexagcz.supabase.co/storage/v1/object/public/images/6a8cf369-8209-4a7e-beb4-7578374b0aee/photo-1763997112405.jpg","405","nutrition_label","Пищевая ценность","nutrition_label","405","7.9","25.8","35.3","","high","nutrition_table","high","medium","low","true","false",""
"315","https://gwhqshlpglptxsexagcz.supabase.co/storage/v1/object/public/images/1cb31d81-ddea-4f5e-bbd9-758f10ffb845/photo-1764707827784.jpg","147","error","","","","","","","","","","","","","","",""
"323","https://gwhqshlpglptxsexagcz.supabase.co/storage/v1/object/public/images/1cb31d81-ddea-4f5e-bbd9-758f10ffb845/photo-1764753736718.jpg","350","error","","","","","","","","","","","","","","",""
"343","https://gwhqshlpglptxsexagcz.supabase.co/storage/v1/object/public/images/1cb31d81-ddea-4f5e-bbd9-758f10ffb845/photo-1764790826743.jpg","185","error","","","","","","","","","","","","","","",""
"345","https://gwhqshlpglptxsexagcz.supabase.co/storage/v1/object/public/images/1cb31d81-ddea-4f5e-bbd9-758f10ffb845/photo-1764845600026.jpg","200","error","","","","","","","","","","","","","","",""
"346","https://gwhqshlpglptxsexagcz.supabase.co/storage/v1/object/public/images/1cb31d81-ddea-4f5e-bbd9-758f10ffb845/photo-1764845626057.jpg","100","error","","","","","","","","","","","","","","",""
"347","https://gwhqshlpglptxsexagcz.supabase.co/storage/v1/object/public/images/1cb31d81-ddea-4f5e-bbd9-758f10ffb845/photo-1765106664157.jpg","251","error","","","","","","","","","","","","","","",""
"389","https://gwhqshlpglptxsexagcz.supabase.co/storage/v1/object/public/images/6a8cf369-8209-4a7e-beb4-7578374b0aee/photo-1765903266230.jpg","535","nutrition_label","Соломка в глазури с миндалем","nutrition_label","535","11","32","53","36","high","nutrition_table","high","low","low","true","false",""
"349","https://gwhqshlpglptxsexagcz.supabase.co/storage/v1/object/public/images/1cb31d81-ddea-4f5e-bbd9-758f10ffb845/photo-1765383340478.jpg","217","error","","","","","","","","","","","","","","",""
"350","https://gwhqshlpglptxsexagcz.supabase.co/storage/v1/object/public/images/1cb31d81-ddea-4f5e-bbd9-758f10ffb845/photo-1765383352675.jpg","75","error","","","","","","","","","","","","","","",""
"351","https://gwhqshlpglptxsexagcz.supabase.co/storage/v1/object/public/images/1cb31d81-ddea-4f5e-bbd9-758f10ffb845/photo-1765553492931.jpg","474","error","","","","","","","","","","","","","","",""
"352","https://gwhqshlpglptxsexagcz.supabase.co/storage/v1/object/public/images/1cb31d81-ddea-4f5e-bbd9-758f10ffb845/photo-1765553531046.jpg","417","error","","","","","","","","","","","","","","",""
"353","https://gwhqshlpglptxsexagcz.supabase.co/storage/v1/object/public/images/1cb31d81-ddea-4f5e-bbd9-758f10ffb845/photo-1765636735814.jpg","504","error","","","","","","","","","","","","","","",""
"355","https://gwhqshlpglptxsexagcz.supabase.co/storage/v1/object/public/images/6a8cf369-8209-4a7e-beb4-7578374b0aee/photo-1765786633240.jpg","187","nutrition_label","Блины с семгой","nutrition_label","186.9","11.4","8.9","15.3","150","high","nutrition_table","high","low","low","true","false",""
"357","https://gwhqshlpglptxsexagcz.supabase.co/storage/v1/object/public/images/6a8cf369-8209-4a7e-beb4-7578374b0aee/photo-1765799821053.jpg","202","nutrition_label","Онигири с натуральным крабом","nutrition_label","202.2","7","3.4","35.4","120","high","nutrition_table","high","medium","low","true","false",""
"359","https://gwhqshlpglptxsexagcz.supabase.co/storage/v1/object/public/images/6a8cf369-8209-4a7e-beb4-7578374b0aee/photo-1765802308208.jpg","130","nutrition_label","неизвестный продукт","nutrition_label","130","4","5","17","100","high","nutrition_table","medium","low","low","false","false",""
"377","https://gwhqshlpglptxsexagcz.supabase.co/storage/v1/object/public/images/1cb31d81-ddea-4f5e-bbd9-758f10ffb845/photo-1765829334597.jpg","104","error","","","","","","","","","","","","","","",""
"378","https://gwhqshlpglptxsexagcz.supabase.co/storage/v1/object/public/images/6a8cf369-8209-4a7e-beb4-7578374b0aee/photo-1765833457745.jpg","430","nutrition_label","Кукурузно-рисовые чипсы с вялеными томатами и бальзамиком","nutrition_label","430","6.5","9","81","","high","nutrition_table","medium","medium","low","true","false",""
"367","https://gwhqshlpglptxsexagcz.supabase.co/storage/v1/object/public/images/6a8cf369-8209-4a7e-beb4-7578374b0aee/photo-1765808697317.jpg","488","label","Печенье сдобное Курабье","label","487.7","5.4","24.5","62.1","300","high","nutrition_table","high","medium","low","false","false",""
"368","https://gwhqshlpglptxsexagcz.supabase.co/storage/v1/object/public/images/6a8cf369-8209-4a7e-beb4-7578374b0aee/photo-1765809241662.jpg","450","nutrition_label","Конфеты сбивные глазированные ""La Boheme"" Муале","nutrition_label","450","3","24","55","100","high","nutrition_table","high","low","low","false","false",""
"361","https://gwhqshlpglptxsexagcz.supabase.co/storage/v1/object/public/images/6a8cf369-8209-4a7e-beb4-7578374b0aee/photo-1765806051364.jpg","41","nutrition_label","Холодец говяжий","nutrition_label","40.7","9.3","0.3","0.2","300","high","nutrition_table","high","low","low","true","false",""
"375","https://gwhqshlpglptxsexagcz.supabase.co/storage/v1/object/public/images/1cb31d81-ddea-4f5e-bbd9-758f10ffb845/photo-1765827390559.jpg","350","error","","","","","","","","","","","","","","",""
"366","https://gwhqshlpglptxsexagcz.supabase.co/storage/v1/object/public/images/6a8cf369-8209-4a7e-beb4-7578374b0aee/photo-1765808591129.jpg","350","nutrition_label","Рахат-лукум с орехами МИКС ПРЕМИУМ","nutrition_label","350","0.5","2.5","84","500","high","nutrition_table","high","medium","low","false","true",""
"379","https://gwhqshlpglptxsexagcz.supabase.co/storage/v1/object/public/images/6a8cf369-8209-4a7e-beb4-7578374b0aee/photo-1765874214205.jpg","560","nutrition_label","Тёмный шоколад с апельсином и вишней","nutrition_label","560","6","36","50","85","high","nutrition_table","high","medium","low","true","false",""
"381","https://gwhqshlpglptxsexagcz.supabase.co/storage/v1/object/public/images/6a8cf369-8209-4a7e-beb4-7578374b0aee/photo-1765881932077.jpg","188","nutrition_label","Блины с грушей и мягким сыром","nutrition_label","188.3","5.5","5.3","29.7","160","high","nutrition_table","high","low","low","true","true",""
"385","https://gwhqshlpglptxsexagcz.supabase.co/storage/v1/object/public/images/6a8cf369-8209-4a7e-beb4-7578374b0aee/photo-1765892185643.jpg","218","nutrition_label","Лепешка с сыром и омлетом","nutrition_label","217.8","11.7","8.6","23.4","130","high","nutrition_table","high","low","low","true","true",""
"475","https://gwhqshlpglptxsexagcz.supabase.co/storage/v1/object/public/images/6a8cf369-8209-4a7e-beb4-7578374b0aee/photo-1766350530651.jpg","327","nutrition_label","Жевательные червячки Docile","nutrition_label","131","2","0","31","40","high","nutrition_table","high","low","low","true","false",""
"410","https://gwhqshlpglptxsexagcz.supabase.co/storage/v1/object/public/images/6a8cf369-8209-4a7e-beb4-7578374b0aee/photo-1765991369462.jpg","368","nutrition_label","молочные составные","nutrition_label","368.3","6.4","25.5","28.3","100","high","nutrition_table","high","medium","low","false","true",""
"411","https://gwhqshlpglptxsexagcz.supabase.co/storage/v1/object/public/images/1cb31d81-ddea-4f5e-bbd9-758f10ffb845/photo-1765992202343.jpg","209","error","","","","","","","","","","","","","","",""
"393","https://gwhqshlpglptxsexagcz.supabase.co/storage/v1/object/public/images/6a8cf369-8209-4a7e-beb4-7578374b0aee/photo-1765904081113.jpg","416","label","Конфеты глазированные ""Лёвушка"" суфле и карамель","product","416","2.4","","","42","high","package_text","high","low","low","true","false",""
"398","https://gwhqshlpglptxsexagcz.supabase.co/storage/v1/object/public/images/6a8cf369-8209-4a7e-beb4-7578374b0aee/photo-1765915509591.jpg","91","nutrition_label","Исландский скир с черникой и малиной","nutrition_label","90.8","9.3","1.2","10.7","100","high","nutrition_table","high","low","low","true","false",""
"401","https://gwhqshlpglptxsexagcz.supabase.co/storage/v1/object/public/images/6a8cf369-8209-4a7e-beb4-7578374b0aee/photo-1765962002849.jpg","326","nutrition_label","Сосиски в тесте ""Мини""","nutrition_label","326","11.1","18.4","29","90","high","nutrition_table","high","high","low","false","true",""
"402","https://gwhqshlpglptxsexagcz.supabase.co/storage/v1/object/public/images/6a8cf369-8209-4a7e-beb4-7578374b0aee/photo-1765962115061.jpg","370","nutrition_label","пирожное миндальное макарон шоколадный","nutrition_label","370","6.5","18","45","60","high","nutrition_table","high","low","low","true","false",""
"405","https://gwhqshlpglptxsexagcz.supabase.co/storage/v1/object/public/images/6a8cf369-8209-4a7e-beb4-7578374b0aee/photo-1765970609304.jpg","382","nutrition_label","Торт «Брауни»","nutrition_label","381.9","3.1","32.3","19.7","500","high","nutrition_table","high","low","low","true","true",""
"408","https://gwhqshlpglptxsexagcz.supabase.co/storage/v1/object/public/images/6a8cf369-8209-4a7e-beb4-7578374b0aee/photo-1765990551164.jpg","45","nutrition_label","Грузинский Суп из Фасоли","nutrition_label","122","4.86","3.51","17.82","270","high","nutrition_table","high","low","low","true","true",""
"409","https://gwhqshlpglptxsexagcz.supabase.co/storage/v1/object/public/images/6a8cf369-8209-4a7e-beb4-7578374b0aee/photo-1765991204731.jpg","176","label","Онигири с угрём и творожным сыром","product","193","5.3","8.5","21","110","high","package_text","high","low","low","true","false",""
"422","https://gwhqshlpglptxsexagcz.supabase.co/storage/v1/object/public/images/1cb31d81-ddea-4f5e-bbd9-758f10ffb845/photo-1766060855120.jpg","239","error","","","","","","","","","","","","","","",""
"414","https://gwhqshlpglptxsexagcz.supabase.co/storage/v1/object/public/images/6a8cf369-8209-4a7e-beb4-7578374b0aee/photo-1766001730722.jpg","124","label","Йогурт с массовой долей жира 4,0 %, со злаковыми шариками со вкусом бабл-гам и злаковыми шариками в белой шоколадной глазури","nutrition_label","124","3.3","4.3","18.1","101","high","nutrition_table","high","low","low","true","false",""
"415","https://gwhqshlpglptxsexagcz.supabase.co/storage/v1/object/public/images/6a8cf369-8209-4a7e-beb4-7578374b0aee/photo-1766002695129.jpg","120","nutrition_label","Йогурт с лимоном Epica Crispy и смесь из семян тыквы, печенья бискотти и белого шоколада","nutrition_label","120","5.7","4.8","13","","high","nutrition_table","high","medium","low","true","false",""
"416","https://gwhqshlpglptxsexagcz.supabase.co/storage/v1/object/public/images/6a8cf369-8209-4a7e-beb4-7578374b0aee/photo-1766002731225.jpg","520","nutrition_label","Смесь из тыквенных семян и печенья","nutrition_label","520","12","32","46","100","high","nutrition_table","high","medium","low","false","true",""
"417","https://gwhqshlpglptxsexagcz.supabase.co/storage/v1/object/public/images/6a8cf369-8209-4a7e-beb4-7578374b0aee/photo-1766004430939.jpg","240","label","мороженое","nutrition_label","240","","14","26","100","high","nutrition_table","high","low","low","true","false",""
"418","https://gwhqshlpglptxsexagcz.supabase.co/storage/v1/object/public/images/6a8cf369-8209-4a7e-beb4-7578374b0aee/photo-1766048119020.jpg","141","nutrition_label","Запеканка творожная с грушей","nutrition_label","140.9","10.2","2.5","19.4","","high","nutrition_table","high","medium","low","true","false",""
"423","https://gwhqshlpglptxsexagcz.supabase.co/storage/v1/object/public/images/1cb31d81-ddea-4f5e-bbd9-758f10ffb845/photo-1766062494495.jpg","234","error","","","","","","","","","","","","","","",""
"426","https://gwhqshlpglptxsexagcz.supabase.co/storage/v1/object/public/images/6a8cf369-8209-4a7e-beb4-7578374b0aee/photo-1766062784869.jpg","319","nutrition_label","Протеиновый батончик Bombbar Cookies & Cream","nutrition_label","191","20","6.1","4.1","60","high","nutrition_table","high","low","low","true","false",""
"427","https://gwhqshlpglptxsexagcz.supabase.co/storage/v1/object/public/images/6a8cf369-8209-4a7e-beb4-7578374b0aee/photo-1766062808206.jpg","309","nutrition_label","Датское печенье","nutrition_label","309","33","8.5","8","","high","nutrition_table","high","low","low","true","false",""
"425","https://gwhqshlpglptxsexagcz.supabase.co/storage/v1/object/public/images/6a8cf369-8209-4a7e-beb4-7578374b0aee/photo-1766062739517.jpg","234","nutrition_label","Блины домашние","nutrition_label","234.3","7.4","10.3","28","1000","high","nutrition_table","high","low","low","true","false",""
"751","https://gwhqshlpglptxsexagcz.supabase.co/storage/v1/object/public/images/6a8cf369-8209-4a7e-beb4-7578374b0aee/photo-1768079573566.jpg","350","nutrition_label","Желейный мармелад","nutrition_label","350","6.5","0.2","80","70","high","nutrition_table","high","low","low","true","false",""
"429","https://gwhqshlpglptxsexagcz.supabase.co/storage/v1/object/public/images/6a8cf369-8209-4a7e-beb4-7578374b0aee/photo-1766070235730.jpg","140","label","Блинчики тыквенные с картофелем и грибами","product","140.3","3.7","7.5","14.5","160","high","package_text","high","medium","low","false","true",""
"432","https://gwhqshlpglptxsexagcz.supabase.co/storage/v1/object/public/images/6a8cf369-8209-4a7e-beb4-7578374b0aee/photo-1766070686199.jpg","270","nutrition_label","Конфи Апельсин","nutrition_label","269.6","5.1","16.4","25.4","","high","nutrition_table","medium","medium","low","true","false",""
"434","https://gwhqshlpglptxsexagcz.supabase.co/storage/v1/object/public/images/6a8cf369-8209-4a7e-beb4-7578374b0aee/photo-1766074938565.jpg","176","nutrition_label","Bombbar Brownie батончик","nutrition_label","294","33","9","8","60","high","nutrition_table","high","low","low","true","false",""
"435","https://gwhqshlpglptxsexagcz.supabase.co/storage/v1/object/public/images/6a8cf369-8209-4a7e-beb4-7578374b0aee/photo-1766085682954.jpg","74","label","Вегетарианский суп Том Ям","product","74.3","1.4","4.3","7.5","270","high","package_text","high","low","low","true","false",""
"436","https://gwhqshlpglptxsexagcz.supabase.co/storage/v1/object/public/images/6a8cf369-8209-4a7e-beb4-7578374b0aee/photo-1766085760346.jpg","103","nutrition_label","биогурт","nutrition_label","103","3.9","2.9","15.2","130","high","nutrition_table","high","low","low","true","false",""
"442","https://gwhqshlpglptxsexagcz.supabase.co/storage/v1/object/public/images/6a8cf369-8209-4a7e-beb4-7578374b0aee/photo-1766125772347.jpg","244","nutrition_label","Круассан с форелью, творожным сыром и соусом песто","nutrition_label","243.7","8.8","14.9","18.6","140","high","nutrition_table","high","low","low","true","true",""
"447","https://gwhqshlpglptxsexagcz.supabase.co/storage/v1/object/public/images/6a8cf369-8209-4a7e-beb4-7578374b0aee/photo-1766161775201.jpg","127","nutrition_label","Батончик MyFitKit","nutrition_label","127","7","5","18","45","high","nutrition_table","high","low","low","true","false",""
"451","https://gwhqshlpglptxsexagcz.supabase.co/storage/v1/object/public/images/6a8cf369-8209-4a7e-beb4-7578374b0aee/photo-1766223449239.jpg","170","nutrition_label","Сырники творожные с яблочной начинкой","nutrition_label","170.1","11.7","5.3","18.9","130","high","nutrition_table","high","low","low","true","false",""
"456","https://gwhqshlpglptxsexagcz.supabase.co/storage/v1/object/public/images/6a8cf369-8209-4a7e-beb4-7578374b0aee/photo-1766246673390.jpg","233","nutrition_label","Пирожок с зеленью и яйцом на кефирном тесте","nutrition_label","116.65","3.5","4.05","16.55","50","high","nutrition_table","high","low","low","true","false",""
"459","https://gwhqshlpglptxsexagcz.supabase.co/storage/v1/object/public/images/6a8cf369-8209-4a7e-beb4-7578374b0aee/photo-1766254666766.jpg","288","label","мини-чиабатта с курицей, моцареллой и соусом острый чили","product","287.8","10","14.6","29.1","125","high","nutrition_table","high","low","low","true","true",""
"461","https://gwhqshlpglptxsexagcz.supabase.co/storage/v1/object/public/images/6a8cf369-8209-4a7e-beb4-7578374b0aee/photo-1766261922596.jpg","297","label","Зефир ремесленный Черная смородина","label","297.1","2.9","0.3","70.7","120","high","package_text","high","low","low","true","false",""
"464","https://gwhqshlpglptxsexagcz.supabase.co/storage/v1/object/public/images/6a8cf369-8209-4a7e-beb4-7578374b0aee/photo-1766309723288.jpg","350","nutrition_label","Протеиновый батончик","nutrition_label","140","10","6.3","3.3","40","high","nutrition_table","high","low","low","true","false",""
"465","https://gwhqshlpglptxsexagcz.supabase.co/storage/v1/object/public/images/6a8cf369-8209-4a7e-beb4-7578374b0aee/photo-1766309915546.jpg","391","nutrition_label","Протеиновый батончик","nutrition_label","157","10","6.8","6.4","40","high","nutrition_table","high","low","low","true","false",""
"468","https://gwhqshlpglptxsexagcz.supabase.co/storage/v1/object/public/images/6a8cf369-8209-4a7e-beb4-7578374b0aee/photo-1766310891039.jpg","244","label","Фишбургер с филе минтая и соусом Тар-Тар","product","243.6","9.2","12.8","22.9","170","high","nutrition_table","high","low","low","true","true",""
"471","https://gwhqshlpglptxsexagcz.supabase.co/storage/v1/object/public/images/6a8cf369-8209-4a7e-beb4-7578374b0aee/photo-1766340115722.jpg","238","nutrition_label","Бургер с курицей","nutrition_label","393","17.5","22.9","29.2","165","high","nutrition_table","high","low","low","true","false",""
"476","https://gwhqshlpglptxsexagcz.supabase.co/storage/v1/object/public/images/6a8cf369-8209-4a7e-beb4-7578374b0aee/photo-1766396183848.jpg","263","nutrition_label","Неизвестный продукт","nutrition_label","263.4","10.4","12.6","27.1","","high","nutrition_table","medium","medium","low","false","true",""
"478","https://gwhqshlpglptxsexagcz.supabase.co/storage/v1/object/public/images/6a8cf369-8209-4a7e-beb4-7578374b0aee/photo-1766397270935.jpg","342","label","Сырок творожный глазированный «Картошка»","product","342","9.4","18.6","34.5","50","high","package_text","high","low","low","true","false",""
"481","https://gwhqshlpglptxsexagcz.supabase.co/storage/v1/object/public/images/6a8cf369-8209-4a7e-beb4-7578374b0aee/photo-1766408468851.jpg","91","label","Фасоль белая в томатном соусе","product","91","4.4","0.6","16.9","400","high","package_text","high","low","low","true","false",""
"488","https://gwhqshlpglptxsexagcz.supabase.co/storage/v1/object/public/images/6a8cf369-8209-4a7e-beb4-7578374b0aee/photo-1766436702519.jpg","290","nutrition_label","Эскимо пломбир ванильный в зелёной глазури с ароматом апельсина","nutrition_label","290","2.5","21","22.5","80","high","nutrition_table","high","low","low","true","false",""
"489","https://gwhqshlpglptxsexagcz.supabase.co/storage/v1/object/public/images/6a8cf369-8209-4a7e-beb4-7578374b0aee/photo-1766481880431.jpg","350","nutrition_label","Десерт с творогом и вишней","nutrition_label","350","4.5","24","30","","high","nutrition_table","high","medium","low","true","false",""
"497","https://gwhqshlpglptxsexagcz.supabase.co/storage/v1/object/public/images/6a8cf369-8209-4a7e-beb4-7578374b0aee/photo-1766495955184.jpg","253","nutrition_label","Печёночный пирог с морковью","nutrition_label","252.6","8.1","19","12.3","200","high","nutrition_table","high","medium","low","true","true",""
"498","https://gwhqshlpglptxsexagcz.supabase.co/storage/v1/object/public/images/6a8cf369-8209-4a7e-beb4-7578374b0aee/photo-1766498248632.jpg","515","nutrition_label","Драже двухслойный шоколад в цветной декоративной оболочке","nutrition_label","515","5.5","25","67","45","high","nutrition_table","medium","low","low","true","false",""
"503","https://gwhqshlpglptxsexagcz.supabase.co/storage/v1/object/public/images/6a8cf369-8209-4a7e-beb4-7578374b0aee/photo-1766517966819.jpg","430","nutrition_label","Мягкий десерт Арлетто","nutrition_label","430","5","22","52","","high","nutrition_table","medium","low","low","true","false",""
"516","https://gwhqshlpglptxsexagcz.supabase.co/storage/v1/object/public/images/6a8cf369-8209-4a7e-beb4-7578374b0aee/photo-1766610289621.jpg","217","nutrition_label","Сырники со сгущёнкой","nutrition_label","217.2","12.5","8.8","22","120","high","nutrition_table","high","low","low","true","false",""
"519","https://gwhqshlpglptxsexagcz.supabase.co/storage/v1/object/public/images/6a8cf369-8209-4a7e-beb4-7578374b0aee/photo-1766611404673.jpg","322","nutrition_label","Банан","nutrition_label","321.9","10.1","7","53.9","","high","nutrition_table","high","medium","low","false","true",""
"521","https://gwhqshlpglptxsexagcz.supabase.co/storage/v1/object/public/images/6a8cf369-8209-4a7e-beb4-7578374b0aee/photo-1766611734880.jpg","223","label","Сыр творожный «Савушкин» «Белый» с прованскими травами","product","223.2","19.2","16","1.6","150","high","package_text","high","low","low","true","false",""
"545","https://gwhqshlpglptxsexagcz.supabase.co/storage/v1/object/public/images/6a8cf369-8209-4a7e-beb4-7578374b0aee/photo-1766752411995.jpg","176","nutrition_label","Блинчик «Цезарь»","nutrition_label","175.9","7.1","11.9","10.1","210","high","nutrition_table","high","low","low","true","true",""
"547","https://gwhqshlpglptxsexagcz.supabase.co/storage/v1/object/public/images/6a8cf369-8209-4a7e-beb4-7578374b0aee/photo-1766770100521.jpg","169","label","Запеканка с тыквой","nutrition_label","168.7","10.8","6.7","16.3","200","high","nutrition_table","high","medium","low","true","false",""
"528","https://gwhqshlpglptxsexagcz.supabase.co/storage/v1/object/public/images/6a8cf369-8209-4a7e-beb4-7578374b0aee/photo-1766668799450.jpg","290","nutrition_label","Неизвестный продукт","nutrition_label","290","3.5","12","41","","high","nutrition_table","high","medium","low","false","false",""
"536","https://gwhqshlpglptxsexagcz.supabase.co/storage/v1/object/public/images/6a8cf369-8209-4a7e-beb4-7578374b0aee/photo-1766693381701.jpg","188.5","nutrition_label","Сырники с малиной","nutrition_label","138.5","7.1","6.9","24.5","120","high","nutrition_table","high","medium","low","false","true",""
"554","https://gwhqshlpglptxsexagcz.supabase.co/storage/v1/object/public/images/6a8cf369-8209-4a7e-beb4-7578374b0aee/photo-1766782279931.jpg","96","label","Исландский скир с печеным яблоком","product","95.6","9.3","1.2","11.9","","high","package_text","high","low","low","true","false",""
"539","https://gwhqshlpglptxsexagcz.supabase.co/storage/v1/object/public/images/1cb31d81-ddea-4f5e-bbd9-758f10ffb845/photo-1766694584078.jpg","213","error","","","","","","","","","","","","","","",""
"541","https://gwhqshlpglptxsexagcz.supabase.co/storage/v1/object/public/images/6a8cf369-8209-4a7e-beb4-7578374b0aee/photo-1766739496656.jpg","232","nutrition_label","нигири том ям с креветкой","nutrition_label","231.6","5.8","6.8","36.8","120","high","nutrition_table","high","low","low","true","false",""
"542","https://gwhqshlpglptxsexagcz.supabase.co/storage/v1/object/public/images/6a8cf369-8209-4a7e-beb4-7578374b0aee/photo-1766740018036.jpg","377","nutrition_label","Пряники мучные с начинкой","nutrition_label","376.8","6.4","6","74.3","100","high","nutrition_table","high","medium","low","false","false",""
"552","https://gwhqshlpglptxsexagcz.supabase.co/storage/v1/object/public/images/6a8cf369-8209-4a7e-beb4-7578374b0aee/photo-1766775312824.jpg","72","nutrition_label","Биойогурт питьевой с черникой, злаками и семенами льна","nutrition_label","71.5","3","1.5","11.5","","high","nutrition_table","high","low","low","true","false",""
"548","https://gwhqshlpglptxsexagcz.supabase.co/storage/v1/object/public/images/6a8cf369-8209-4a7e-beb4-7578374b0aee/photo-1766771006756.jpg","439","label","Ирис со вкусом имбирного печенья Meller","product","","","","","38","high","package_text","medium","low","low","true","false",""
"553","https://gwhqshlpglptxsexagcz.supabase.co/storage/v1/object/public/images/6a8cf369-8209-4a7e-beb4-7578374b0aee/photo-1766781639677.jpg","117","nutrition_label","батончик Milky Way","nutrition_label","117","","","","26","high","nutrition_table","high","low","low","true","false",""
"557","https://gwhqshlpglptxsexagcz.supabase.co/storage/v1/object/public/images/6a8cf369-8209-4a7e-beb4-7578374b0aee/photo-1766826175609.jpg","324","label","Маршмеллоу со вкусом кола","label","324","4","0","77","50","high","package_text","high","low","low","false","false",""
"558","https://gwhqshlpglptxsexagcz.supabase.co/storage/v1/object/public/images/6a8cf369-8209-4a7e-beb4-7578374b0aee/photo-1766826323104.jpg","242","label","Сэндвич Цезарь на тостовом пшеничном хлебе","product","242","","14","22","180","high","package_text","high","low","low","true","false",""
"563","https://gwhqshlpglptxsexagcz.supabase.co/storage/v1/object/public/images/6a8cf369-8209-4a7e-beb4-7578374b0aee/photo-1766862151880.jpg","75","nutrition_label","Йогурт питьевой дыня-клубника","nutrition_label","74.9","2.8","2.5","10.3","","high","nutrition_table","medium","low","low","true","false",""
"564","https://gwhqshlpglptxsexagcz.supabase.co/storage/v1/object/public/images/6a8cf369-8209-4a7e-beb4-7578374b0aee/photo-1766862590188.jpg","146","nutrition_label","Лепешка с зеленью","nutrition_label","146.2","4.7","2.6","26","150","high","nutrition_table","high","low","low","true","false",""
"565","https://gwhqshlpglptxsexagcz.supabase.co/storage/v1/object/public/images/6a8cf369-8209-4a7e-beb4-7578374b0aee/photo-1766865630937.jpg","273","nutrition_label","Ватрушка маковая с творогом","nutrition_label","273","7","8","44","175","high","nutrition_table","high","low","low","false","false",""
"566","https://gwhqshlpglptxsexagcz.supabase.co/storage/v1/object/public/images/6a8cf369-8209-4a7e-beb4-7578374b0aee/photo-1766867821955.jpg","307","nutrition_label","Мороженое двухслойное пломбир","nutrition_label","307","3.8","15.8","37.5","","high","nutrition_table","high","low","low","true","false",""
"571","https://gwhqshlpglptxsexagcz.supabase.co/storage/v1/object/public/images/6a8cf369-8209-4a7e-beb4-7578374b0aee/photo-1766921890829.jpg","244","nutrition_label","Батончик с грушей и миндалем","nutrition_label","244","18.7","6","28.9","170","high","nutrition_table","high","low","low","true","false",""
"573","https://gwhqshlpglptxsexagcz.supabase.co/storage/v1/object/public/images/6a8cf369-8209-4a7e-beb4-7578374b0aee/photo-1766930158737.jpg","225","label","Калитка с клюквой","product","225","2.9","7.1","37.5","90","high","package_text","high","low","low","true","false",""
"578","https://gwhqshlpglptxsexagcz.supabase.co/storage/v1/object/public/images/6a8cf369-8209-4a7e-beb4-7578374b0aee/photo-1766956196300.jpg","220","nutrition_label","Шоколадное мороженое пломбир с вишней и шоколадным печеньем","nutrition_label","220","3.5","14","21","","high","nutrition_table","high","medium","low","true","false",""
"579","https://gwhqshlpglptxsexagcz.supabase.co/storage/v1/object/public/images/6a8cf369-8209-4a7e-beb4-7578374b0aee/photo-1766958350437.jpg","122","nutrition_label","Мороженое Bounty","nutrition_label","122","","","","64","high","nutrition_table","high","low","low","true","false",""
"590","https://gwhqshlpglptxsexagcz.supabase.co/storage/v1/object/public/images/6a8cf369-8209-4a7e-beb4-7578374b0aee/photo-1767036568540.jpg","179","label","Хлеб формовой","label","179","","","","","high","package_text","high","medium","low","true","false",""
"586","https://gwhqshlpglptxsexagcz.supabase.co/storage/v1/object/public/images/6a8cf369-8209-4a7e-beb4-7578374b0aee/photo-1767009306002.jpg","189","label","Запеканка с рикоттой с вареньем из смородины","label","188.6","14.5","8.2","14.2","200","high","package_text","high","low","low","true","false",""
"588","https://gwhqshlpglptxsexagcz.supabase.co/storage/v1/object/public/images/6a8cf369-8209-4a7e-beb4-7578374b0aee/photo-1767027666162.jpg","141","nutrition_label","Рыбные котлеты с картофельным пюре","nutrition_label","141.4","6.4","6.6","14.1","230","high","nutrition_table","high","medium","low","false","true",""
"583","https://gwhqshlpglptxsexagcz.supabase.co/storage/v1/object/public/images/6a8cf369-8209-4a7e-beb4-7578374b0aee/photo-1767001347494.jpg","316","nutrition_label","торт кокосовый","nutrition_label","315.6","5.4","17.6","33.9","100","high","nutrition_table","high","medium","low","true","true",""
"589","https://gwhqshlpglptxsexagcz.supabase.co/storage/v1/object/public/images/6a8cf369-8209-4a7e-beb4-7578374b0aee/photo-1767028482150.jpg","202","nutrition_label","Онигири с натуральным крабом (камчатским)","nutrition_label","202.2","7","3.4","36.4","120","high","nutrition_table","high","low","low","true","false",""
"597","https://gwhqshlpglptxsexagcz.supabase.co/storage/v1/object/public/images/6a8cf369-8209-4a7e-beb4-7578374b0aee/photo-1767084727748.jpg","243","nutrition_label","Чебурек с сыром, творогом и зеленью","nutrition_label","242.5","10.8","10.5","26.2","110","high","nutrition_table","high","low","low","true","false",""
"599","https://gwhqshlpglptxsexagcz.supabase.co/storage/v1/object/public/images/6a8cf369-8209-4a7e-beb4-7578374b0aee/photo-1767104021978.jpg","200","nutrition_label","Сэндвич с песто и курицей","nutrition_label","200","9","7","26","140","high","nutrition_table","high","low","low","true","false",""
"657","https://gwhqshlpglptxsexagcz.supabase.co/storage/v1/object/public/images/6a8cf369-8209-4a7e-beb4-7578374b0aee/photo-1767551611792.jpg","290","nutrition_label","Пирожное Шейх","nutrition_label","290","5.46","15.51","31.34","150","high","nutrition_table","high","low","low","true","false",""
"611","https://gwhqshlpglptxsexagcz.supabase.co/storage/v1/object/public/images/6a8cf369-8209-4a7e-beb4-7578374b0aee/photo-1767218219341.jpg","246","nutrition_label","мороженое","nutrition_label","246","3.2","11.7","31.6","73","high","nutrition_table","high","low","low","true","false",""
"620","https://gwhqshlpglptxsexagcz.supabase.co/storage/v1/object/public/images/1cb31d81-ddea-4f5e-bbd9-758f10ffb845/photo-1767290965360.jpg","251","error","","","","","","","","","","","","","","",""
"621","https://gwhqshlpglptxsexagcz.supabase.co/storage/v1/object/public/images/6a8cf369-8209-4a7e-beb4-7578374b0aee/photo-1767295370692.jpg","532","nutrition_label","Конфета","nutrition_label","532","8.3","30","56","35","high","nutrition_table","high","low","low","true","false",""
"637","https://gwhqshlpglptxsexagcz.supabase.co/storage/v1/object/public/images/6a8cf369-8209-4a7e-beb4-7578374b0aee/photo-1767439587632.jpg","136","nutrition_label","Форель радужная малосоленая ломтики","nutrition_label","136.2","14.7","8.6","","150","high","nutrition_table","high","low","low","true","false",""
"623","https://gwhqshlpglptxsexagcz.supabase.co/storage/v1/object/public/images/6a8cf369-8209-4a7e-beb4-7578374b0aee/photo-1767300654332.jpg","540","nutrition_label","пицца","nutrition_label","540","","32","","","medium","nutrition_table","medium","medium","medium","true","true",""
"627","https://gwhqshlpglptxsexagcz.supabase.co/storage/v1/object/public/images/6a8cf369-8209-4a7e-beb4-7578374b0aee/photo-1767356418213.jpg","343","nutrition_label","Пирожное вафельное с варенкой и арахисом","nutrition_label","342.7","8","10.3","54.5","65","high","nutrition_table","high","low","low","true","false",""
"628","https://gwhqshlpglptxsexagcz.supabase.co/storage/v1/object/public/images/6a8cf369-8209-4a7e-beb4-7578374b0aee/photo-1767360151665.jpg","174","nutrition_label","Творожная запеканка с шоколадом и вишней","nutrition_label","173.9","10.6","10.3","9.7","180","high","nutrition_table","high","low","low","true","false",""
"638","https://gwhqshlpglptxsexagcz.supabase.co/storage/v1/object/public/images/1cb31d81-ddea-4f5e-bbd9-758f10ffb845/photo-1767444754802.jpg","","error","","","","","","","","","","","","","","",""
"632","https://gwhqshlpglptxsexagcz.supabase.co/storage/v1/object/public/images/6a8cf369-8209-4a7e-beb4-7578374b0aee/photo-1767383651838.jpg","288","nutrition_label","Закуска ""Еврейская"" с сыром и яйцом","nutrition_label","287.8","17","23.8","1.4","150","high","nutrition_table","high","low","low","true","true",""
"645","https://gwhqshlpglptxsexagcz.supabase.co/storage/v1/object/public/images/6a8cf369-8209-4a7e-beb4-7578374b0aee/photo-1767511148720.jpg","59","nutrition_label","Неизвестный напиток","nutrition_label","59.3","3","2.5","6.2","","high","nutrition_table","high","low","low","true","false",""
"648","https://gwhqshlpglptxsexagcz.supabase.co/storage/v1/object/public/images/6a8cf369-8209-4a7e-beb4-7578374b0aee/photo-1767518788057.jpg","183","nutrition_label","Пицца Мясная. ICE","nutrition_label","183","8","7","23","350","high","nutrition_table","high","low","low","true","true",""
"649","https://gwhqshlpglptxsexagcz.supabase.co/storage/v1/object/public/images/6a8cf369-8209-4a7e-beb4-7578374b0aee/photo-1767528376919.jpg","180","nutrition_label","мороженое Twix","nutrition_label","180","","7.2","16.4","68","high","nutrition_table","medium","low","low","true","false",""
"652","https://gwhqshlpglptxsexagcz.supabase.co/storage/v1/object/public/images/6a8cf369-8209-4a7e-beb4-7578374b0aee/photo-1767537331136.jpg","440","nutrition_label","Печенье «Имбирное»","nutrition_label","440","5.1","18.6","62.4","200","high","nutrition_table","high","medium","low","false","false",""
"660","https://gwhqshlpglptxsexagcz.supabase.co/storage/v1/object/public/images/6a8cf369-8209-4a7e-beb4-7578374b0aee/photo-1767603157131.jpg","153","nutrition_label","Творог рассыпчатый с вишней и брусникой","nutrition_label","153.2","16.1","4","13.2","150","high","nutrition_table","high","medium","low","true","false",""
"676","https://gwhqshlpglptxsexagcz.supabase.co/storage/v1/object/public/images/6a8cf369-8209-4a7e-beb4-7578374b0aee/photo-1767641385825.jpg","210","label","майонезный соус Calve легкий","product","210","0.5","20","7","","high","package_text","high","medium","low","true","false",""
"663","https://gwhqshlpglptxsexagcz.supabase.co/storage/v1/object/public/images/6a8cf369-8209-4a7e-beb4-7578374b0aee/photo-1767604163477.jpg","207","nutrition_label","Хлеб Бородинский","nutrition_label","207","6.8","1.3","41.5","390","high","nutrition_table","high","low","low","true","false",""
"662","https://gwhqshlpglptxsexagcz.supabase.co/storage/v1/object/public/images/6a8cf369-8209-4a7e-beb4-7578374b0aee/photo-1767603875876.jpg","208","nutrition_label","Паштет 'CREAM CHEESE'","nutrition_label","208","6","18","5.4","140","high","nutrition_table","high","low","low","true","false",""
"661","https://gwhqshlpglptxsexagcz.supabase.co/storage/v1/object/public/images/6a8cf369-8209-4a7e-beb4-7578374b0aee/photo-1767603703338.jpg","219","label","Хлеб Французский","label","219","7","3","56","400","high","package_text","high","low","low","true","false",""
"665","https://gwhqshlpglptxsexagcz.supabase.co/storage/v1/object/public/images/6a8cf369-8209-4a7e-beb4-7578374b0aee/photo-1767612527971.jpg","100","nutrition_label","Творог мягкий «Малина-Шиповник»","nutrition_label","99.8","6","3.8","10.4","","high","nutrition_table","high","low","low","true","false",""
"675","https://gwhqshlpglptxsexagcz.supabase.co/storage/v1/object/public/images/6a8cf369-8209-4a7e-beb4-7578374b0aee/photo-1767619584384.jpg","200","label","Краффин с ежевикой и малиной","label","200","4","3","39","115","high","nutrition_table","high","low","low","true","false",""
"697","https://gwhqshlpglptxsexagcz.supabase.co/storage/v1/object/public/images/6a8cf369-8209-4a7e-beb4-7578374b0aee/photo-1767781622466.jpg","119","label","Ряженка сладкая со вкусом ванили","nutrition_label","178.5","6.45","9","17.85","150","high","nutrition_table","high","low","low","true","false",""
"698","https://gwhqshlpglptxsexagcz.supabase.co/storage/v1/object/public/images/6a8cf369-8209-4a7e-beb4-7578374b0aee/photo-1767782865206.jpg","490","nutrition_label","ЭКЛЕР С КРЕМОМ","nutrition_label","490","5","36","32","168","high","nutrition_table","high","low","low","false","false",""
"680","https://gwhqshlpglptxsexagcz.supabase.co/storage/v1/object/public/images/6a8cf369-8209-4a7e-beb4-7578374b0aee/photo-1767641916558.jpg","447","nutrition_label","Печенье «Арахисовая полоска»","nutrition_label","448.8","10.9","24.4","45.9","250","high","nutrition_table","high","medium","low","true","false",""
"689","https://gwhqshlpglptxsexagcz.supabase.co/storage/v1/object/public/images/6a8cf369-8209-4a7e-beb4-7578374b0aee/photo-1767697109403.jpg","330","label","Зефир","product","330","3.5","0.1","79","11","high","package_text","high","low","low","true","false",""
"681","https://gwhqshlpglptxsexagcz.supabase.co/storage/v1/object/public/images/6a8cf369-8209-4a7e-beb4-7578374b0aee/photo-1767642080491.jpg","235","label","Пицца Баварская Римская","label","235","69","10","28","300","high","package_text","high","low","low","true","false",""
"700","https://gwhqshlpglptxsexagcz.supabase.co/storage/v1/object/public/images/6a8cf369-8209-4a7e-beb4-7578374b0aee/photo-1767783349516.jpg","230","nutrition_label","Сыр творожный «Кремчиз» с креветкой и зеленью","nutrition_label","230","6.3","22.3","","140","high","nutrition_table","high","low","low","true","false",""
"707","https://gwhqshlpglptxsexagcz.supabase.co/storage/v1/object/public/images/6a8cf369-8209-4a7e-beb4-7578374b0aee/photo-1767813015377.jpg","430","nutrition_label","Конфеты с бренди","nutrition_label","430","4","20","50","150","high","nutrition_table","high","low","low","false","false",""
"709","https://gwhqshlpglptxsexagcz.supabase.co/storage/v1/object/public/images/6a8cf369-8209-4a7e-beb4-7578374b0aee/photo-1767854205510.jpg","204","label","Ролл буррито с фасолью","product","203.5","4.9","9.5","24.6","175","high","nutrition_table","high","low","low","true","false",""
"712","https://gwhqshlpglptxsexagcz.supabase.co/storage/v1/object/public/images/6a8cf369-8209-4a7e-beb4-7578374b0aee/photo-1767864937839.jpg","364","nutrition_label","торт ""Прага""","nutrition_label","364","5","16","46","600","high","nutrition_table","high","medium","low","true","false",""
"718","https://gwhqshlpglptxsexagcz.supabase.co/storage/v1/object/public/images/6a8cf369-8209-4a7e-beb4-7578374b0aee/photo-1767886701098.jpg","176","nutrition_label","сырок творожный с сахаром и ароматом ванили обезжиренный","nutrition_label","175.7","13.5","1.3","27.5","90","high","nutrition_table","high","low","low","true","false",""
"719","https://gwhqshlpglptxsexagcz.supabase.co/storage/v1/object/public/images/6a8cf369-8209-4a7e-beb4-7578374b0aee/photo-1767886814429.jpg","323","label","Пирожные «Эклер» с шоколадным заварным кремом и солёной карамелью","product","323","5.9","17.6","35.3","235","high","package_text","high","low","low","false","false",""
"722","https://gwhqshlpglptxsexagcz.supabase.co/storage/v1/object/public/images/6a8cf369-8209-4a7e-beb4-7578374b0aee/photo-1767900676695.jpg","230","nutrition_label","Неизвестный продукт","nutrition_label","230","10","8.5","30","180","high","nutrition_table","high","low","low","true","false",""
"736","https://gwhqshlpglptxsexagcz.supabase.co/storage/v1/object/public/images/6a8cf369-8209-4a7e-beb4-7578374b0aee/photo-1768047691277.jpg","62","nutrition_label","Кисломолочный продукт капучино-карамель","nutrition_label","99.2","20","","4.8","160","high","nutrition_table","high","low","low","true","false",""
"739","https://gwhqshlpglptxsexagcz.supabase.co/storage/v1/object/public/images/6a8cf369-8209-4a7e-beb4-7578374b0aee/photo-1768051789159.jpg","640","nutrition_label","Масло сливочное шоколадное","nutrition_label","640","1.2","62","19.6","100","high","nutrition_table","high","low","low","true","false",""
"741","https://gwhqshlpglptxsexagcz.supabase.co/storage/v1/object/public/images/6a8cf369-8209-4a7e-beb4-7578374b0aee/photo-1768052239286.jpg","231","nutrition_label","торт маракуйя-малина","nutrition_label","230.6","5.3","12.6","24","100","high","nutrition_table","high","medium","low","false","true",""
"743","https://gwhqshlpglptxsexagcz.supabase.co/storage/v1/object/public/images/6a8cf369-8209-4a7e-beb4-7578374b0aee/photo-1768060343850.jpg","330","nutrition_label","Коржик молочный","nutrition_label","330.3","8.5","12.3","46.4","80","high","nutrition_table","high","low","low","true","false",""
"746","https://gwhqshlpglptxsexagcz.supabase.co/storage/v1/object/public/images/6a8cf369-8209-4a7e-beb4-7578374b0aee/photo-1768074355172.jpg","300","label","Мороженое сливочное с ароматом жевательной резинки бабл гам в вафельном сахарном рожке с молочно-шоколадной глазурью в глазури с ароматом малины","label","300","3.5","16","35.5","","high","package_text","high","low","low","true","false",""
"747","https://gwhqshlpglptxsexagcz.supabase.co/storage/v1/object/public/images/6a8cf369-8209-4a7e-beb4-7578374b0aee/photo-1768077812506.jpg","210","nutrition_label","вафельный стаканчик","nutrition_label","210","3","8","30.5","100","high","nutrition_table","high","low","low","true","false",""
"748","https://gwhqshlpglptxsexagcz.supabase.co/storage/v1/object/public/images/6a8cf369-8209-4a7e-beb4-7578374b0aee/photo-1768078709067.jpg","230","nutrition_label","Мороженое пломбир ванильный с барбарисом","nutrition_label","230","3","12","28","55","high","nutrition_table","high","low","low","true","false",""
"758","https://gwhqshlpglptxsexagcz.supabase.co/storage/v1/object/public/images/6a8cf369-8209-4a7e-beb4-7578374b0aee/photo-1768135367919.jpg","63","nutrition_label","Ряженка","nutrition_label","63.1","2.8","1.5","9.6","","high","nutrition_table","high","low","low","true","false",""
"782","https://gwhqshlpglptxsexagcz.supabase.co/storage/v1/object/public/images/6a8cf369-8209-4a7e-beb4-7578374b0aee/photo-1768244257506.jpg","360","nutrition_label","Шоколадный батончик","nutrition_label","360","3.5","23","35","","high","nutrition_table","medium","low","low","true","false",""
"761","https://gwhqshlpglptxsexagcz.supabase.co/storage/v1/object/public/images/6a8cf369-8209-4a7e-beb4-7578374b0aee/photo-1768148081584.jpg","364","nutrition_label","Хлебобулочное изделие с черносливом","nutrition_label","364","6.3","24.8","28.9","","high","nutrition_table","high","medium","low","true","false",""
"760","https://gwhqshlpglptxsexagcz.supabase.co/storage/v1/object/public/images/6a8cf369-8209-4a7e-beb4-7578374b0aee/photo-1768147878531.jpg","292","nutrition_label","Шоколадная колбаса","nutrition_label","291.8","7.2","13.8","34.7","150","high","nutrition_table","high","low","low","true","false",""
"762","https://gwhqshlpglptxsexagcz.supabase.co/storage/v1/object/public/images/6a8cf369-8209-4a7e-beb4-7578374b0aee/photo-1768148701224.jpg","272","nutrition_label","Австрийский штрудель с яблоком и корицей","nutrition_label","272","3.4","11","40","280","high","nutrition_table","high","low","low","true","false",""
"764","https://gwhqshlpglptxsexagcz.supabase.co/storage/v1/object/public/images/6a8cf369-8209-4a7e-beb4-7578374b0aee/photo-1768163586132.jpg","440","nutrition_label","Творожный сырок","nutrition_label","440","8","26","41","","high","nutrition_table","high","medium","low","true","false",""
"771","https://gwhqshlpglptxsexagcz.supabase.co/storage/v1/object/public/images/6a8cf369-8209-4a7e-beb4-7578374b0aee/photo-1768214655412.jpg","396","nutrition_label","Десерт","nutrition_label","396.1","13.4","22.1","35.9","","high","nutrition_table","high","low","low","true","false",""
"789","https://gwhqshlpglptxsexagcz.supabase.co/storage/v1/object/public/images/6a8cf369-8209-4a7e-beb4-7578374b0aee/photo-1768307735986.jpg","363","nutrition_label","Десерт","nutrition_label","363","7.7","17.2","44.5","","high","nutrition_table","high","low","low","true","false",""
"790","https://gwhqshlpglptxsexagcz.supabase.co/storage/v1/object/public/images/6a8cf369-8209-4a7e-beb4-7578374b0aee/photo-1768317153857.jpg","319","nutrition_label","Воздушная пита с начинкой","nutrition_label","319.1","9.9","18.5","27.8","135","high","nutrition_table","high","low","low","true","true",""
"793","https://gwhqshlpglptxsexagcz.supabase.co/storage/v1/object/public/images/6a8cf369-8209-4a7e-beb4-7578374b0aee/photo-1768318144707.jpg","407","nutrition_label","Неизвестный продукт","nutrition_label","406.6","5.7","16.6","50.8","","high","nutrition_table","high","medium","low","true","false",""
"794","https://gwhqshlpglptxsexagcz.supabase.co/storage/v1/object/public/images/6a8cf369-8209-4a7e-beb4-7578374b0aee/photo-1768318506407.jpg","315","label","Булочка витая с шоколадом и корицей Вкусняшка","product","315","5.7","16","39","105","high","package_text","high","medium","low","true","false",""
"795","https://gwhqshlpglptxsexagcz.supabase.co/storage/v1/object/public/images/6a8cf369-8209-4a7e-beb4-7578374b0aee/photo-1768331983713.jpg","534","nutrition_label","Шоколад Milka","nutrition_label","534","5.7","30","59","260","high","nutrition_table","high","medium","low","true","false",""
"798","https://gwhqshlpglptxsexagcz.supabase.co/storage/v1/object/public/images/6a8cf369-8209-4a7e-beb4-7578374b0aee/photo-1768341347097.jpg","178","nutrition_label","Лепешка с картофелем и жареным луком","nutrition_label","177.99","4","5.55","28.01","170","high","nutrition_table","high","low","low","false","true",""
"804","https://gwhqshlpglptxsexagcz.supabase.co/storage/v1/object/public/images/6a8cf369-8209-4a7e-beb4-7578374b0aee/photo-1768387785976.jpg","275","nutrition_label","Налистники с сырным кремом и мандариновой начинкой","nutrition_label","274.6","7.1","16.2","25.1","140","high","nutrition_table","high","low","low","true","true",""
"809","https://gwhqshlpglptxsexagcz.supabase.co/storage/v1/object/public/images/6a8cf369-8209-4a7e-beb4-7578374b0aee/photo-1768401210847.jpg","100","label","Фунчоза с говядиной и овощами в устричном соусе","product","100","","3.1","12","0.25","high","package_text","high","low","low","true","true",""
"811","https://gwhqshlpglptxsexagcz.supabase.co/storage/v1/object/public/images/6a8cf369-8209-4a7e-beb4-7578374b0aee/photo-1768411117637.jpg","167","nutrition_label","Сэндвич ролл с запечёнными овощами","nutrition_label","167.2","4.6","4.4","27.3","120","high","nutrition_table","high","medium","low","true","true",""
"817","https://gwhqshlpglptxsexagcz.supabase.co/storage/v1/object/public/images/6a8cf369-8209-4a7e-beb4-7578374b0aee/photo-1768425102191.jpg","404","nutrition_label","Кукурузно-рисовые чипсы с сыром","nutrition_label","404","8","10","70","","high","nutrition_table","high","low","low","true","false",""
"820","https://gwhqshlpglptxsexagcz.supabase.co/storage/v1/object/public/images/6a8cf369-8209-4a7e-beb4-7578374b0aee/photo-1768471679826.jpg","239","label","Пицца с куриной ветчиной и сыром","product","238.7","14","7.1","29.7","90","high","package_text","high","low","low","true","false",""
"837","https://gwhqshlpglptxsexagcz.supabase.co/storage/v1/object/public/images/6a8cf369-8209-4a7e-beb4-7578374b0aee/photo-1768570540276.jpg","115","nutrition_label","Творог с абрикосом","nutrition_label","115","7.6","4.2","11.7","100","high","nutrition_table","high","low","low","true","false",""
"838","https://gwhqshlpglptxsexagcz.supabase.co/storage/v1/object/public/images/6a8cf369-8209-4a7e-beb4-7578374b0aee/photo-1768570749620.jpg","115","nutrition_label","Творог Яблоко-Банан","nutrition_label","115","7.6","4.2","11.7","100","high","nutrition_table","high","low","low","true","false",""
"821","https://gwhqshlpglptxsexagcz.supabase.co/storage/v1/object/public/images/6a8cf369-8209-4a7e-beb4-7578374b0aee/photo-1768473582395.jpg","224","nutrition_label","Торт «Маракуйя»","nutrition_label","223.8","4.8","12.2","23.7","","high","nutrition_table","high","medium","low","true","false",""
"823","https://gwhqshlpglptxsexagcz.supabase.co/storage/v1/object/public/images/6a8cf369-8209-4a7e-beb4-7578374b0aee/photo-1768476194417.jpg","219","nutrition_label","Шашлык куриный с соусом айоли","nutrition_label","218.6","19.1","11.4","9.9","200","high","nutrition_table","high","low","low","false","true",""
"828","https://gwhqshlpglptxsexagcz.supabase.co/storage/v1/object/public/images/6a8cf369-8209-4a7e-beb4-7578374b0aee/photo-1768502808727.jpg","340","nutrition_label","Сырок творожный глазированный в шоколадной глазури с фруктовым наполнителем вишня","nutrition_label","340","8","18","38","","high","nutrition_table","high","medium","low","true","false",""
"829","https://gwhqshlpglptxsexagcz.supabase.co/storage/v1/object/public/images/6a8cf369-8209-4a7e-beb4-7578374b0aee/photo-1768503183052.jpg","188","nutrition_label","Блины с грушей и мягким сыром","nutrition_label","188.3","5.5","5.3","29.7","160","high","nutrition_table","high","low","low","true","false",""
"830","https://gwhqshlpglptxsexagcz.supabase.co/storage/v1/object/public/images/6a8cf369-8209-4a7e-beb4-7578374b0aee/photo-1768503477891.jpg","280","nutrition_label","Меренги","nutrition_label","280","0.9","","72.5","50","high","nutrition_table","high","low","low","true","false",""
"833","https://gwhqshlpglptxsexagcz.supabase.co/storage/v1/object/public/images/6a8cf369-8209-4a7e-beb4-7578374b0aee/photo-1768555927554.jpg","184","nutrition_label","Лепёшка с курицей и овощами","nutrition_label","184.1","9.4","8.5","17.5","175","high","nutrition_table","high","low","low","true","true",""
"834","https://gwhqshlpglptxsexagcz.supabase.co/storage/v1/object/public/images/6a8cf369-8209-4a7e-beb4-7578374b0aee/photo-1768560805235.jpg","386","nutrition_label","Пирожное постное «Трюфельное»","nutrition_label","385.7","5.4","23.7","37.7","100","high","nutrition_table","high","medium","low","false","true",""
"839","https://gwhqshlpglptxsexagcz.supabase.co/storage/v1/object/public/images/6a8cf369-8209-4a7e-beb4-7578374b0aee/photo-1768573022923.jpg","360","nutrition_label","Воздушные зерна риса в сахарном сиропе с цукатами в вафельном стаканчике","nutrition_label","360","4.5","2","81","55","high","nutrition_table","high","medium","low","true","false",""
"841","https://gwhqshlpglptxsexagcz.supabase.co/storage/v1/object/public/images/6a8cf369-8209-4a7e-beb4-7578374b0aee/photo-1768584732406.jpg","509","nutrition_label","Шоколадный батончик","nutrition_label","509","3.6","25.3","66.7","100","high","nutrition_table","medium","high","low","true","false",""
"870","https://gwhqshlpglptxsexagcz.supabase.co/storage/v1/object/public/images/6a8cf369-8209-4a7e-beb4-7578374b0aee/photo-1768727898447.jpg","614","nutrition_label","Отруби в шоколаде «Зеленая Матча»","nutrition_label","614.2","10.3","45.4","41.1","45","high","nutrition_table","high","low","low","true","false",""
"850","https://gwhqshlpglptxsexagcz.supabase.co/storage/v1/object/public/images/6a8cf369-8209-4a7e-beb4-7578374b0aee/photo-1768598546473.jpg","488","label","Бисквитные палочки в шоколаде с кокосовой стружкой","nutrition_label","488","8","23","53.1","32","high","nutrition_table","high","low","low","true","false",""
"851","https://gwhqshlpglptxsexagcz.supabase.co/storage/v1/object/public/images/6a8cf369-8209-4a7e-beb4-7578374b0aee/photo-1768642124750.jpg","49","label","Крем-суп с лесными грибами","product","49","1.5","3","4","0.27","high","package_text","high","medium","low","true","false",""
"853","https://gwhqshlpglptxsexagcz.supabase.co/storage/v1/object/public/images/6a8cf369-8209-4a7e-beb4-7578374b0aee/photo-1768644209626.jpg","210","nutrition_label","Конвертики с манго и маракуйей Creative Kitchen","nutrition_label","210.1","4.4","12.9","19.1","140","high","nutrition_table","high","low","low","false","true",""
"871","https://gwhqshlpglptxsexagcz.supabase.co/storage/v1/object/public/images/6a8cf369-8209-4a7e-beb4-7578374b0aee/photo-1768730471544.jpg","243","label","Десерт ""Пайна-Капибара Шоколадня""","label","243.2","4.1","16.8","12.2","150","high","package_text","high","low","low","true","false",""
"857","https://gwhqshlpglptxsexagcz.supabase.co/storage/v1/object/public/images/6a8cf369-8209-4a7e-beb4-7578374b0aee/photo-1768661866677.jpg","417","nutrition_label","Ремесленный хлеб","nutrition_label","417","6.9","21.5","","90","high","nutrition_table","medium","low","low","true","false",""
"875","https://gwhqshlpglptxsexagcz.supabase.co/storage/v1/object/public/images/6a8cf369-8209-4a7e-beb4-7578374b0aee/photo-1768740363087.jpg","320","nutrition_label","Мороженое эскимо сливочное с фисташкой и кунжутом","nutrition_label","320","5","22","25.5","80","high","nutrition_table","high","low","low","true","false",""
"878","https://gwhqshlpglptxsexagcz.supabase.co/storage/v1/object/public/images/6a8cf369-8209-4a7e-beb4-7578374b0aee/photo-1768744865104.jpg","265","nutrition_label","Профитроли-мини ""Крембусики""","nutrition_label","265","5.5","19.4","8.9","100","high","nutrition_table","high","medium","low","true","false",""
"867","https://gwhqshlpglptxsexagcz.supabase.co/storage/v1/object/public/images/6a8cf369-8209-4a7e-beb4-7578374b0aee/photo-1768686154197.jpg","199","nutrition_label","Сэндвич ролл с шашлыком из курицы с овощами","nutrition_label","198.9","4.2","8.9","25.5","160","high","nutrition_table","high","low","low","true","true",""
"868","https://gwhqshlpglptxsexagcz.supabase.co/storage/v1/object/public/images/6a8cf369-8209-4a7e-beb4-7578374b0aee/photo-1768686566382.jpg","495","nutrition_label","Шоколад","nutrition_label","495","4","25.1","65.6","36","high","nutrition_table","high","low","low","true","false",""
"869","https://gwhqshlpglptxsexagcz.supabase.co/storage/v1/object/public/images/6a8cf369-8209-4a7e-beb4-7578374b0aee/photo-1768687473073.jpg","550","nutrition_label","Шоколад с арахисовой пастой","nutrition_label","550","10","30.7","48.3","60","high","nutrition_table","high","low","low","true","false",""
"778","https://gwhqshlpglptxsexagcz.supabase.co/storage/v1/object/public/images/6a8cf369-8209-4a7e-beb4-7578374b0aee/photo-1768231786690.jpg","200","label","Онигири с крабом","nutrition_label","200.2","7","3.4","35.4","100","high","nutrition_table","high","low","low","true","true",""
"885","https://gwhqshlpglptxsexagcz.supabase.co/storage/v1/object/public/images/6a8cf369-8209-4a7e-beb4-7578374b0aee/photo-1768771583393.jpg","288","nutrition_label","Мини-чиабатта с курицей, моцареллой и соусом острый чили","nutrition_label","287.8","10","14.6","29.1","125","high","nutrition_table","high","low","low","true","true",""
"894","https://gwhqshlpglptxsexagcz.supabase.co/storage/v1/object/public/images/6a8cf369-8209-4a7e-beb4-7578374b0aee/photo-1768827159883.jpg","283","nutrition_label","Тортилья с ветчиной и сыром","nutrition_label","283","12","15","25","130","high","nutrition_table","high","low","low","true","true",""
"898","https://gwhqshlpglptxsexagcz.supabase.co/storage/v1/object/public/images/6a8cf369-8209-4a7e-beb4-7578374b0aee/photo-1768841660680.jpg","219","nutrition_label","Лепёшка «Ёка» с сыром, томатами и базиликом","nutrition_label","218.6","11","8.2","25.2","130","high","nutrition_table","high","low","low","true","false",""
"900","https://gwhqshlpglptxsexagcz.supabase.co/storage/v1/object/public/images/6a8cf369-8209-4a7e-beb4-7578374b0aee/photo-1768851397099.jpg","550","nutrition_label","Молочный шоколад с арахисовой пастой","nutrition_label","550","10","38.7","48.3","60","high","nutrition_table","high","low","low","true","false",""
"901","https://gwhqshlpglptxsexagcz.supabase.co/storage/v1/object/public/images/6a8cf369-8209-4a7e-beb4-7578374b0aee/photo-1768851537325.jpg","530","label","Шоколад молочный «Коровка» с арахисом, фундуком и вафельной крошкой","label","530","7.5","30","56","75","high","package_text","high","low","low","true","false",""
"902","https://gwhqshlpglptxsexagcz.supabase.co/storage/v1/object/public/images/6a8cf369-8209-4a7e-beb4-7578374b0aee/photo-1768853947284.jpg","386","nutrition_label","Мармелад Конфитрейд","nutrition_label","385.5","0.5","3","92.1","45","high","nutrition_table","high","low","low","true","false",""
"950","https://gwhqshlpglptxsexagcz.supabase.co/storage/v1/object/public/images/6a8cf369-8209-4a7e-beb4-7578374b0aee/photo-1768988234551.jpg","136","nutrition_label","Форель радужная малосоленая","nutrition_label","136.2","14.7","0.6","","150","high","nutrition_table","high","medium","low","true","false",""
"910","https://gwhqshlpglptxsexagcz.supabase.co/storage/v1/object/public/images/6a8cf369-8209-4a7e-beb4-7578374b0aee/photo-1768923858640.jpg","220","nutrition_label","Сыр творожный «Кремчиз» со вкусом «Овощи гриль»","nutrition_label","220","5.6","22.2","","100","high","nutrition_table","high","low","low","true","false",""
"912","https://gwhqshlpglptxsexagcz.supabase.co/storage/v1/object/public/images/6a8cf369-8209-4a7e-beb4-7578374b0aee/photo-1768932106908.jpg","370","nutrition_label","Безе со сливочным вкусом","nutrition_label","370","5","0.1","88","","high","nutrition_table","high","medium","low","false","false",""
"962","https://gwhqshlpglptxsexagcz.supabase.co/storage/v1/object/public/images/6a8cf369-8209-4a7e-beb4-7578374b0aee/photo-1769019607717.jpg","270","nutrition_label","Сыр плавленый Шоколадный десерт","nutrition_label","270","8.2","15.8","22.7","","high","nutrition_table","high","medium","low","true","false",""
"966","https://gwhqshlpglptxsexagcz.supabase.co/storage/v1/object/public/images/6a8cf369-8209-4a7e-beb4-7578374b0aee/photo-1769070766637.jpg","329","nutrition_label","Пирожные бисквитные «Картошка»","nutrition_label","329","5.8","9","54.6","240","high","nutrition_table","medium","low","low","false","false",""
"971","https://gwhqshlpglptxsexagcz.supabase.co/storage/v1/object/public/images/6a8cf369-8209-4a7e-beb4-7578374b0aee/photo-1769075626651.jpg","529","nutrition_label","Бисквитное печенье в молочном шоколаде с фундуком","nutrition_label","529","10","31","51","100","high","nutrition_table","high","medium","low","false","false",""
"982","https://gwhqshlpglptxsexagcz.supabase.co/storage/v1/object/public/images/6a8cf369-8209-4a7e-beb4-7578374b0aee/photo-1769104701675.jpg","386","nutrition_label","неизвестный продукт","nutrition_label","385.5","0.5","3","92.1","","high","nutrition_table","high","medium","low","true","false",""
"987","https://gwhqshlpglptxsexagcz.supabase.co/storage/v1/object/public/images/1cb31d81-ddea-4f5e-bbd9-758f10ffb845/photo-1769169944506.jpg","10","error","","","","","","","","","","","","","","",""
"1016","https://gwhqshlpglptxsexagcz.supabase.co/storage/v1/object/public/images/6a8cf369-8209-4a7e-beb4-7578374b0aee/photo-1769281598242.jpg","525","nutrition_label","белый шоколад с малиновым вкусом","nutrition_label","240","3","","","45","high","nutrition_table","high","low","low","true","false",""
"992","https://gwhqshlpglptxsexagcz.supabase.co/storage/v1/object/public/images/6a8cf369-8209-4a7e-beb4-7578374b0aee/photo-1769178299459.jpg","280","nutrition_label","Сэндвич с курицей, беконом и омлетом","nutrition_label","279.7","10.4","14.5","26.9","200","high","nutrition_table","high","low","low","true","true",""
"1008","https://gwhqshlpglptxsexagcz.supabase.co/storage/v1/object/public/images/6a8cf369-8209-4a7e-beb4-7578374b0aee/photo-1769252221610.jpg","476","nutrition_label","драже M&M's с молочным шоколадом и карамелью","nutrition_label","476","5.3","20.5","70.5","","high","nutrition_table","medium","low","low","true","false",""
"996","https://gwhqshlpglptxsexagcz.supabase.co/storage/v1/object/public/images/6a8cf369-8209-4a7e-beb4-7578374b0aee/photo-1769185252066.jpg","98","label","Мусс творожный двухслойный манго и маракуйя","product","78","3.4","1.8","12.1","125","high","package_text","high","low","low","true","false",""
"997","https://gwhqshlpglptxsexagcz.supabase.co/storage/v1/object/public/images/6a8cf369-8209-4a7e-beb4-7578374b0aee/photo-1769185582673.jpg","469","label","Неизвестный продукт в упаковке","product","469","5.6","23.6","58.5","60","high","package_text","high","low","low","true","false",""
"993","https://gwhqshlpglptxsexagcz.supabase.co/storage/v1/object/public/images/6a8cf369-8209-4a7e-beb4-7578374b0aee/photo-1769178678845.jpg","221","nutrition_label","Сардельки","nutrition_label","221.4","12.9","18.2","1.5","0.374","high","nutrition_table","medium","medium","low","false","false",""
"1000","https://gwhqshlpglptxsexagcz.supabase.co/storage/v1/object/public/images/6a8cf369-8209-4a7e-beb4-7578374b0aee/photo-1769203266929.jpg","410","label","Конфеты Суфле Попсикл","product","410","1.1","20","56.5","27","high","package_text","high","low","low","true","false",""
"1017","https://gwhqshlpglptxsexagcz.supabase.co/storage/v1/object/public/images/6a8cf369-8209-4a7e-beb4-7578374b0aee/photo-1769281691927.jpg","554","nutrition_label","Экстрамолочный шоколад ""Лёвушка"" с клубничной начинкой","nutrition_label","554","7.2","34.6","53.6","100","high","nutrition_table","high","medium","low","true","false",""
"1001","https://gwhqshlpglptxsexagcz.supabase.co/storage/v1/object/public/images/6a8cf369-8209-4a7e-beb4-7578374b0aee/photo-1769246799170.jpg","419","nutrition_label","Пирожное «Безе» с кремом и курагой","nutrition_label","419","4","15","67","90","high","nutrition_table","high","low","low","false","false",""
"1018","https://gwhqshlpglptxsexagcz.supabase.co/storage/v1/object/public/images/6a8cf369-8209-4a7e-beb4-7578374b0aee/photo-1769282036701.jpg","540","label","Шоколад Экстрамолочный с вафельной крошкой","label","540","7.5","33","54","85","high","package_text","high","low","low","true","false",""
"1019","https://gwhqshlpglptxsexagcz.supabase.co/storage/v1/object/public/images/6a8cf369-8209-4a7e-beb4-7578374b0aee/photo-1769289897624.jpg","490","nutrition_label","Соломка в кондитерской глазури «палочки Chok-ki» с арахисом","nutrition_label","490","9","24","60","40","high","nutrition_table","high","medium","low","true","false",""
"1027","https://gwhqshlpglptxsexagcz.supabase.co/storage/v1/object/public/images/6a8cf369-8209-4a7e-beb4-7578374b0aee/photo-1769347989795.jpg","555","label","Шоколад «Лёвушка» с начинкой «Пломбир»","product","555","7.2","34.6","53.6","100","high","package_text","high","low","low","true","false",""
"1026","https://gwhqshlpglptxsexagcz.supabase.co/storage/v1/object/public/images/6a8cf369-8209-4a7e-beb4-7578374b0aee/photo-1769347923893.jpg","580","nutrition_label","Шоколад молочный с йогортовой начинкой","nutrition_label","580","7","40","48","100","high","nutrition_table","high","low","low","true","false",""
"1025","https://gwhqshlpglptxsexagcz.supabase.co/storage/v1/object/public/images/6a8cf369-8209-4a7e-beb4-7578374b0aee/photo-1769346605800.jpg","380","nutrition_label","Торт-бенто «Пьяная вишня»","nutrition_label","380","4.4","24.9","36.3","100","high","nutrition_table","high","low","low","true","false",""
"1031","https://gwhqshlpglptxsexagcz.supabase.co/storage/v1/object/public/images/6a8cf369-8209-4a7e-beb4-7578374b0aee/photo-1769373629363.jpg","95","nutrition_label","Мягкий творог «Морковный пирог»","nutrition_label","94.8","9.3","1.2","11.7","150","high","nutrition_table","high","low","low","true","false",""
"1032","https://gwhqshlpglptxsexagcz.supabase.co/storage/v1/object/public/images/6a8cf369-8209-4a7e-beb4-7578374b0aee/photo-1769373885480.jpg","213","nutrition_label","Кыстыбый с начинкой ""Жюльен""","nutrition_label","212.9","9.6","10.1","20.9","","high","nutrition_table","high","medium","low","true","true",""
"1033","https://gwhqshlpglptxsexagcz.supabase.co/storage/v1/object/public/images/1cb31d81-ddea-4f5e-bbd9-758f10ffb845/photo-1769416589413.jpg","147","error","","","","","","","","","","","","","","",""
"1034","https://gwhqshlpglptxsexagcz.supabase.co/storage/v1/object/public/images/6a8cf369-8209-4a7e-beb4-7578374b0aee/photo-1769419579020.jpg","338","nutrition_label","Лепешка Roti","nutrition_label","338","6.2","16.5","43.6","450","high","nutrition_table","high","low","low","true","false",""
"1035","https://gwhqshlpglptxsexagcz.supabase.co/storage/v1/object/public/images/6a8cf369-8209-4a7e-beb4-7578374b0aee/photo-1769419665148.jpg","90","nutrition_label","Ветчина вареная ""По-Клински""","nutrition_label","90","16","3","","120","high","nutrition_table","high","low","low","true","false",""
"1036","https://gwhqshlpglptxsexagcz.supabase.co/storage/v1/object/public/images/6a8cf369-8209-4a7e-beb4-7578374b0aee/photo-1769419976639.jpg","294","nutrition_label","Сыр Гауда Премиум","nutrition_label","294","26.7","20.8","","130","high","nutrition_table","high","low","low","true","false",""
"1039","https://gwhqshlpglptxsexagcz.supabase.co/storage/v1/object/public/images/6a8cf369-8209-4a7e-beb4-7578374b0aee/photo-1769421623850.jpg","480","nutrition_label","Жевательные конфеты в шоколаде со вкусом арбуза","nutrition_label","480","4","20","70","75","high","nutrition_table","high","medium","low","true","false",""
"1041","https://gwhqshlpglptxsexagcz.supabase.co/storage/v1/object/public/images/6a8cf369-8209-4a7e-beb4-7578374b0aee/photo-1769422036371.jpg","331","nutrition_label","Мармелад желейный со вкусом персика","nutrition_label","330.8","4","0","78.7","70","high","nutrition_table","high","low","low","true","false",""
"1042","https://gwhqshlpglptxsexagcz.supabase.co/storage/v1/object/public/images/6a8cf369-8209-4a7e-beb4-7578374b0aee/photo-1769438303594.jpg","191","nutrition_label","Десерт ""Наполеон"" домашний","nutrition_label","190.5","4.8","7.3","26.4","150","high","nutrition_table","high","medium","low","true","false",""
"1055","https://gwhqshlpglptxsexagcz.supabase.co/storage/v1/object/public/images/6a8cf369-8209-4a7e-beb4-7578374b0aee/photo-1769502888115.jpg","40","label","Напиток безалкогольный негазированный «ГЛИНТВЕЙН»","product","40","","","10","500","high","package_text","high","low","low","true","false",""
"1057","https://gwhqshlpglptxsexagcz.supabase.co/storage/v1/object/public/images/1cb31d81-ddea-4f5e-bbd9-758f10ffb845/photo-1769503150942.jpg","65","error","","","","","","","","","","","","","","",""
"1067","https://gwhqshlpglptxsexagcz.supabase.co/storage/v1/object/public/images/6a8cf369-8209-4a7e-beb4-7578374b0aee/photo-1769517210327.jpg","490","nutrition_label","Конфеты «десерт Трепет»","nutrition_label","490","6","27","63","100","high","nutrition_table","medium","high","low","true","false",""
"1051","https://gwhqshlpglptxsexagcz.supabase.co/storage/v1/object/public/images/6a8cf369-8209-4a7e-beb4-7578374b0aee/photo-1769501794012.jpg","750","nutrition_label","Масло сладко-сливочное несоленое «ЭКОМИЛК»","nutrition_label","750","0.6","82.5","0.8","","high","nutrition_table","high","medium","low","true","false",""
"1081","https://gwhqshlpglptxsexagcz.supabase.co/storage/v1/object/public/images/6a8cf369-8209-4a7e-beb4-7578374b0aee/photo-1769595730253.jpg","342","label","Пирожное «Картошка Классическая»","nutrition_label","342.2","6.1","18.2","38.5","130","high","nutrition_table","high","medium","low","true","false",""
"1082","https://gwhqshlpglptxsexagcz.supabase.co/storage/v1/object/public/images/6a8cf369-8209-4a7e-beb4-7578374b0aee/photo-1769596461484.jpg","310","nutrition_label","Пастила со вкусом фейхоа","nutrition_label","310","0.6","0","76.4","100","high","nutrition_table","high","low","low","false","false",""
"1083","https://gwhqshlpglptxsexagcz.supabase.co/storage/v1/object/public/images/6a8cf369-8209-4a7e-beb4-7578374b0aee/photo-1769597269666.jpg","488","nutrition_label","Пеперо чоко куки","nutrition_label","488","8.5","21","66","32","high","nutrition_table","high","low","low","true","false",""
"1103","https://gwhqshlpglptxsexagcz.supabase.co/storage/v1/object/public/images/6a8cf369-8209-4a7e-beb4-7578374b0aee/photo-1769700850402.jpg","488","nutrition_label","Пеперо Чоко Куки","nutrition_label","488","8.5","21","66","32","high","nutrition_table","high","low","low","true","false",""
"1090","https://gwhqshlpglptxsexagcz.supabase.co/storage/v1/object/public/images/6a8cf369-8209-4a7e-beb4-7578374b0aee/photo-1769627828143.jpg","95","nutrition_label","Йогурт персик-маракуйя","nutrition_label","95","3.8","2.8","14","","high","nutrition_table","high","low","low","true","false",""
"1091","https://gwhqshlpglptxsexagcz.supabase.co/storage/v1/object/public/images/6a8cf369-8209-4a7e-beb4-7578374b0aee/photo-1769628612619.jpg","152","nutrition_label","Эскалоп с пряными травами","nutrition_label","152","20","8","","300","high","nutrition_table","high","low","low","false","true",""
"1094","https://gwhqshlpglptxsexagcz.supabase.co/storage/v1/object/public/images/6a8cf369-8209-4a7e-beb4-7578374b0aee/photo-1769680115896.jpg","241","label","Торт бисквитный «ПАНЧО»","product","261","3.6","11.8","29.8","500","high","package_text","high","medium","low","false","true",""
"1098","https://gwhqshlpglptxsexagcz.supabase.co/storage/v1/object/public/images/6a8cf369-8209-4a7e-beb4-7578374b0aee/photo-1769690089370.jpg","480","label","Батончик Bonfetti нуга с жареным арахисом","label","","11","21","61","","high","package_text","medium","low","low","true","false",""
"1101","https://gwhqshlpglptxsexagcz.supabase.co/storage/v1/object/public/images/6a8cf369-8209-4a7e-beb4-7578374b0aee/photo-1769699323104.jpg","453","nutrition_label","Бисквит с какао и молочным кремом","nutrition_label","453","6.1","27.6","43.7","26","high","nutrition_table","medium","low","low","true","false",""
"1102","https://gwhqshlpglptxsexagcz.supabase.co/storage/v1/object/public/images/6a8cf369-8209-4a7e-beb4-7578374b0aee/photo-1769700539985.jpg","401","nutrition_label","Батончик","nutrition_label","401","3.4","","","25","high","nutrition_table","medium","low","low","true","false",""
"1115","https://gwhqshlpglptxsexagcz.supabase.co/storage/v1/object/public/images/6a8cf369-8209-4a7e-beb4-7578374b0aee/photo-1769782011184.jpg","204","label","Салат с курицей, огурчиками и горчичным соусом Мясновъ","product","204","0.3","17.2","3","183","high","package_text","high","medium","low","false","true",""
"1112","https://gwhqshlpglptxsexagcz.supabase.co/storage/v1/object/public/images/6a8cf369-8209-4a7e-beb4-7578374b0aee/photo-1769768109337.jpg","315","nutrition_label","ТОРТ МЕДОВО-СМЕТАННЫЙ с варёной сгущёнкой","nutrition_label","315","5","15","40","400","high","nutrition_table","high","medium","low","true","false",""
"1117","https://gwhqshlpglptxsexagcz.supabase.co/storage/v1/object/public/images/6a8cf369-8209-4a7e-beb4-7578374b0aee/photo-1769783152309.jpg","2260","nutrition_label","Вивайли вафельные трубочки","nutrition_label","540","6.5","30","62","95","high","nutrition_table","high","low","low","true","false",""
"1131","https://gwhqshlpglptxsexagcz.supabase.co/storage/v1/object/public/images/6a8cf369-8209-4a7e-beb4-7578374b0aee/photo-1769876534494.jpg","258","nutrition_label","Пирожное молочно-клубничный беби-тортик","nutrition_label","258","6.5","12.2","30.5","80","high","nutrition_table","high","low","low","true","false",""
"1138","https://gwhqshlpglptxsexagcz.supabase.co/storage/v1/object/public/images/6a8cf369-8209-4a7e-beb4-7578374b0aee/photo-1769938939529.jpg","204","nutrition_label","Сметана","nutrition_label","204","2.5","20","3.4","","high","nutrition_table","high","low","low","true","false",""
"1164","https://gwhqshlpglptxsexagcz.supabase.co/storage/v1/object/public/images/6a8cf369-8209-4a7e-beb4-7578374b0aee/photo-1770042243407.jpg","287","nutrition_label","Пирожное 'Шу' с фисташкой и малиной","nutrition_label","287","5.5","17","28","100","high","nutrition_table","high","low","low","false","false",""
"1133","https://gwhqshlpglptxsexagcz.supabase.co/storage/v1/object/public/images/6a8cf369-8209-4a7e-beb4-7578374b0aee/photo-1769889410160.jpg","530","nutrition_label","козинак арахисовый","nutrition_label","530","19","33","39","170","high","nutrition_table","high","low","low","true","false",""
"1145","https://gwhqshlpglptxsexagcz.supabase.co/storage/v1/object/public/images/6a8cf369-8209-4a7e-beb4-7578374b0aee/photo-1769953616508.jpg","188","nutrition_label","Котлеты крупнорубленые из индейки и цыпленка-бройлера","nutrition_label","187.7","24.7","8.9","2.2","300","high","nutrition_table","high","low","low","true","false",""
"1146","https://gwhqshlpglptxsexagcz.supabase.co/storage/v1/object/public/images/6a8cf369-8209-4a7e-beb4-7578374b0aee/photo-1769954034975.jpg","88","nutrition_label","Красная фасоль в томатном соусе","nutrition_label","88","6.2","","15.7","100","high","nutrition_table","high","low","low","true","true",""
"1154","https://gwhqshlpglptxsexagcz.supabase.co/storage/v1/object/public/images/6a8cf369-8209-4a7e-beb4-7578374b0aee/photo-1770025983628.jpg","345","nutrition_label","Набор пирожных Медовик","nutrition_label","345","4.5","15","48","185","high","nutrition_table","high","medium","low","false","true",""
"1156","https://gwhqshlpglptxsexagcz.supabase.co/storage/v1/object/public/images/6a8cf369-8209-4a7e-beb4-7578374b0aee/photo-1770026015274.jpg","325","nutrition_label","Конфеты или десерт","nutrition_label","325","5.5","23","24","","high","nutrition_table","high","medium","low","false","true",""
"1157","https://gwhqshlpglptxsexagcz.supabase.co/storage/v1/object/public/images/6a8cf369-8209-4a7e-beb4-7578374b0aee/photo-1770026064872.jpg","374","nutrition_label","Пирожное Суфле в шоколаде","nutrition_label","374","3","18","50","","high","nutrition_table","high","medium","low","false","true",""
"1169","https://gwhqshlpglptxsexagcz.supabase.co/storage/v1/object/public/images/6a8cf369-8209-4a7e-beb4-7578374b0aee/photo-1770056996263.jpg","302","nutrition_label","Сэндвич слоеный с бужениной","nutrition_label","302.4","5.7","19.2","26.7","130","high","nutrition_table","high","low","low","true","false",""
"1167","https://gwhqshlpglptxsexagcz.supabase.co/storage/v1/object/public/images/6a8cf369-8209-4a7e-beb4-7578374b0aee/photo-1770042952256.jpg","287","nutrition_label","Плавленый сыр Friss шоколадный","nutrition_label","287","8.6","17.2","24.4","170","high","nutrition_table","high","low","low","true","false",""
"1166","https://gwhqshlpglptxsexagcz.supabase.co/storage/v1/object/public/images/6a8cf369-8209-4a7e-beb4-7578374b0aee/photo-1770042919924.jpg","232","nutrition_label","Хлеб пшеничный формовой","nutrition_label","232","7.5","1","48.5","500","high","nutrition_table","high","low","low","true","false",""
"1165","https://gwhqshlpglptxsexagcz.supabase.co/storage/v1/object/public/images/6a8cf369-8209-4a7e-beb4-7578374b0aee/photo-1770042269606.jpg","149","label","Котлеты из цыпленка-бройлера с ветчиной","product","149.3","17","7.3","3.9","0.38","high","package_text","high","low","low","false","true",""
"1178","https://gwhqshlpglptxsexagcz.supabase.co/storage/v1/object/public/images/6a8cf369-8209-4a7e-beb4-7578374b0aee/photo-1770116104814.jpg","137","nutrition_label","Ролл с лососем","nutrition_label","137","5.7","2.6","22.7","243","high","nutrition_table","high","low","low","false","true",""
"1183","https://gwhqshlpglptxsexagcz.supabase.co/storage/v1/object/public/images/6a8cf369-8209-4a7e-beb4-7578374b0aee/photo-1770128197412.jpg","293","label","Пирожные заварные «Кольца «Фили-Бейкер»","product","293","8.2","13.6","34.3","0.3","high","package_text","high","medium","low","false","false",""
"1184","https://gwhqshlpglptxsexagcz.supabase.co/storage/v1/object/public/images/6a8cf369-8209-4a7e-beb4-7578374b0aee/photo-1770130220378.jpg","535","nutrition_label","Соломка в глазури с миндалем «Пеперо Альмонд»","nutrition_label","535","11","32","53","36","high","nutrition_table","high","low","low","true","false",""
"1189","https://gwhqshlpglptxsexagcz.supabase.co/storage/v1/object/public/images/6a8cf369-8209-4a7e-beb4-7578374b0aee/photo-1770144314453.jpg","370","nutrition_label","Творожный глазированный сырок","nutrition_label","370","6","22","38","","high","nutrition_table","high","low","low","true","false",""
"1190","https://gwhqshlpglptxsexagcz.supabase.co/storage/v1/object/public/images/6a8cf369-8209-4a7e-beb4-7578374b0aee/photo-1770152895266.jpg","518","nutrition_label","шоколадный батончик","nutrition_label","518.4","3.3","28.7","46.4","45","high","nutrition_table","medium","low","low","true","false",""
"1191","https://gwhqshlpglptxsexagcz.supabase.co/storage/v1/object/public/images/6a8cf369-8209-4a7e-beb4-7578374b0aee/photo-1770153193552.jpg","290","label","Мороженое Колибр Этти Смайы","nutrition_label","290","5","14","37","100","high","nutrition_table","high","medium","low","true","false",""
"1192","https://gwhqshlpglptxsexagcz.supabase.co/storage/v1/object/public/images/6a8cf369-8209-4a7e-beb4-7578374b0aee/photo-1770206172247.jpg","423","nutrition_label","Десерт ""ВОЗДУШНЫЙ"" с фундуком","nutrition_label","422.5","6.2","22.9","47.9","100","high","nutrition_table","high","low","low","true","true",""
"1194","https://gwhqshlpglptxsexagcz.supabase.co/storage/v1/object/public/images/6a8cf369-8209-4a7e-beb4-7578374b0aee/photo-1770206842046.jpg","290","nutrition_label","Ватрушка с творогом","nutrition_label","290","8","8.5","46","100","high","nutrition_table","high","low","low","true","false",""
"1195","https://gwhqshlpglptxsexagcz.supabase.co/storage/v1/object/public/images/6a8cf369-8209-4a7e-beb4-7578374b0aee/photo-1770216243769.jpg","337","nutrition_label","Сосиски в тесте","nutrition_label","336.9","8.2","23.7","22.5","180","high","nutrition_table","high","low","low","true","false",""
"1196","https://gwhqshlpglptxsexagcz.supabase.co/storage/v1/object/public/images/6a8cf369-8209-4a7e-beb4-7578374b0aee/photo-1770217699506.jpg","365","nutrition_label","Пирожное 'Шмель Медовый' Картошка Медовая","nutrition_label","365","6","17","47","76","high","nutrition_table","medium","low","low","true","false",""
"1198","https://gwhqshlpglptxsexagcz.supabase.co/storage/v1/object/public/images/6a8cf369-8209-4a7e-beb4-7578374b0aee/photo-1770218645671.jpg","480","nutrition_label","Жевательные конфеты в шоколаде со вкусом арбуза","nutrition_label","480","4","20","70","75","high","nutrition_table","high","low","low","true","false",""
"1201","https://gwhqshlpglptxsexagcz.supabase.co/storage/v1/object/public/images/6a8cf369-8209-4a7e-beb4-7578374b0aee/photo-1770231126177.jpg","169","label","Запеканка с тыквой","product","168.7","10.8","6.7","16.3","200","high","package_text","high","low","low","true","false",""
"1202","https://gwhqshlpglptxsexagcz.supabase.co/storage/v1/object/public/images/6a8cf369-8209-4a7e-beb4-7578374b0aee/photo-1770232406425.jpg","472","nutrition_label","Кукурузные снеки со вкусом лосось","nutrition_label","472","6.3","22","60.2","","high","nutrition_table","high","medium","low","true","false",""
"1209","https://gwhqshlpglptxsexagcz.supabase.co/storage/v1/object/public/images/6a8cf369-8209-4a7e-beb4-7578374b0aee/photo-1770246235754.jpg","470","label","Хрустящие ""Мягкие сухарики""","label","","","","","","low","package_text","low","medium","medium","true","false",""
"1210","https://gwhqshlpglptxsexagcz.supabase.co/storage/v1/object/public/images/6a8cf369-8209-4a7e-beb4-7578374b0aee/photo-1770246317000.jpg","326","nutrition_label","Творожный сырок в шоколаде","nutrition_label","326.3","8.4","19.1","30.2","","high","nutrition_table","high","medium","low","true","false",""
"1211","https://gwhqshlpglptxsexagcz.supabase.co/storage/v1/object/public/images/6a8cf369-8209-4a7e-beb4-7578374b0aee/photo-1770246383083.jpg","314","nutrition_label","мороженое «Эйфория Маскарпоне-Голубика»","nutrition_label","314","","17.5","34","65","high","nutrition_table","high","low","low","true","false",""
"1212","https://gwhqshlpglptxsexagcz.supabase.co/storage/v1/object/public/images/6a8cf369-8209-4a7e-beb4-7578374b0aee/photo-1770246447067.jpg","385","label","Круассан сэндвич курицей с соусом Песто","product","384.5","11.4","25.1","21.5","140","high","package_text","high","low","low","true","true",""
"1216","https://gwhqshlpglptxsexagcz.supabase.co/storage/v1/object/public/images/6a8cf369-8209-4a7e-beb4-7578374b0aee/photo-1770306817161.jpg","307","nutrition_label","Мороженое","nutrition_label","307.4","2.6","17","36","40","high","nutrition_table","high","low","low","true","false",""
"1214","https://gwhqshlpglptxsexagcz.supabase.co/storage/v1/object/public/images/6a8cf369-8209-4a7e-beb4-7578374b0aee/photo-1770306587563.jpg","363","nutrition_label","Десерт с лесными ягодами","nutrition_label","363","3.2","17.1","49","250","high","nutrition_table","high","low","low","true","false",""
"1217","https://gwhqshlpglptxsexagcz.supabase.co/storage/v1/object/public/images/6a8cf369-8209-4a7e-beb4-7578374b0aee/photo-1770315454747.jpg","291","nutrition_label","Скандинавская булочка с корицей","nutrition_label","291.4","5.5","13","38.1","120","high","nutrition_table","high","low","low","true","false",""
"1219","https://gwhqshlpglptxsexagcz.supabase.co/storage/v1/object/public/images/6a8cf369-8209-4a7e-beb4-7578374b0aee/photo-1770315826796.jpg","251","nutrition_label","Бао с крабовыми палочками и имбирно-кунжутным соусом","nutrition_label","250.7","6.8","12.7","27.3","135","high","nutrition_table","high","low","low","true","true",""
"1220","https://gwhqshlpglptxsexagcz.supabase.co/storage/v1/object/public/images/6a8cf369-8209-4a7e-beb4-7578374b0aee/photo-1770317106526.jpg","510","label","Карамельный батончик KDV Arache","nutrition_label","510","11","29","51","","high","nutrition_table","high","low","low","true","false",""
"1223","https://gwhqshlpglptxsexagcz.supabase.co/storage/v1/object/public/images/6a8cf369-8209-4a7e-beb4-7578374b0aee/photo-1770324512774.jpg","420","nutrition_label","Изделия хлебобулочные вафли с суфле со вкусом черники","nutrition_label","420","5","20","56","","high","nutrition_table","high","low","low","true","false",""
"1224","https://gwhqshlpglptxsexagcz.supabase.co/storage/v1/object/public/images/6a8cf369-8209-4a7e-beb4-7578374b0aee/photo-1770380945680.jpg","228","label","Чиабатта с курицей, грибами и моцареллой","label","410","","","","180","high","package_text","high","low","low","true","true",""
"1227","https://gwhqshlpglptxsexagcz.supabase.co/storage/v1/object/public/images/6a8cf369-8209-4a7e-beb4-7578374b0aee/photo-1770389713092.jpg","204","label","ролл буррито с фасолью","product","203.5","4.9","9.5","24.6","175","high","package_text","high","low","low","true","false",""
"1229","https://gwhqshlpglptxsexagcz.supabase.co/storage/v1/object/public/images/6a8cf369-8209-4a7e-beb4-7578374b0aee/photo-1770391238091.jpg","350","nutrition_label","мороженое эскимо","nutrition_label","350","4.5","24","30","","high","nutrition_table","high","low","low","true","false",""
"1230","https://gwhqshlpglptxsexagcz.supabase.co/storage/v1/object/public/images/6a8cf369-8209-4a7e-beb4-7578374b0aee/photo-1770391295720.jpg","320","nutrition_label","Круассан с соленой карамелью","nutrition_label","320","4","17","38","100","high","nutrition_table","high","low","low","true","false",""
"1232","https://gwhqshlpglptxsexagcz.supabase.co/storage/v1/object/public/images/6a8cf369-8209-4a7e-beb4-7578374b0aee/photo-1770408279455.jpg","230","nutrition_label","Пирожное бисквитное","nutrition_label","230","6.5","11","29","30","high","nutrition_table","high","low","low","true","false",""
"1233","https://gwhqshlpglptxsexagcz.supabase.co/storage/v1/object/public/images/6a8cf369-8209-4a7e-beb4-7578374b0aee/photo-1770408611450.jpg","443","nutrition_label","Пирожное","nutrition_label","442.5","6.5","24.5","49","38","high","nutrition_table","high","medium","low","true","false",""
"1234","https://gwhqshlpglptxsexagcz.supabase.co/storage/v1/object/public/images/6a8cf369-8209-4a7e-beb4-7578374b0aee/photo-1770411716074.jpg","490","label","Козинак кунжутный","product","490","11.5","29","45","","high","package_text","medium","medium","low","true","false",""
"1235","https://gwhqshlpglptxsexagcz.supabase.co/storage/v1/object/public/images/6a8cf369-8209-4a7e-beb4-7578374b0aee/photo-1770411932841.jpg","540","nutrition_label","Козинак арахисовый","nutrition_label","540","17","34","42","","high","nutrition_table","medium","medium","low","true","false",""
"1236","https://gwhqshlpglptxsexagcz.supabase.co/storage/v1/object/public/images/6a8cf369-8209-4a7e-beb4-7578374b0aee/photo-1770412158727.jpg","440","label","Пирожное Крошковое «Картошка»","product","440","6","28","39","","high","package_text","high","medium","low","true","false",""
"1237","https://gwhqshlpglptxsexagcz.supabase.co/storage/v1/object/public/images/6a8cf369-8209-4a7e-beb4-7578374b0aee/photo-1770412699439.jpg","390","label","Хрустящие сухарики с хреном","nutrition_label","390","11","10","64","33","high","nutrition_table","high","low","low","true","false",""
"1247","https://gwhqshlpglptxsexagcz.supabase.co/storage/v1/object/public/images/6a8cf369-8209-4a7e-beb4-7578374b0aee/photo-1770472656401.jpg","370","nutrition_label","Хлебобулочные жареные донаты","nutrition_label","370","5","20","41","","high","nutrition_table","high","medium","low","true","false",""
"1242","https://gwhqshlpglptxsexagcz.supabase.co/storage/v1/object/public/images/6a8cf369-8209-4a7e-beb4-7578374b0aee/photo-1770416442681.jpg","350","nutrition_label","Мороженое Ярче","nutrition_label","350","5","24","28","70","high","nutrition_table","high","low","low","true","false",""
"1241","https://gwhqshlpglptxsexagcz.supabase.co/storage/v1/object/public/images/6a8cf369-8209-4a7e-beb4-7578374b0aee/photo-1770415290523.jpg","370","nutrition_label","Мороженое с молочным шоколадом, крошкой и арахисом","nutrition_label","370","5","25","32","70","high","nutrition_table","medium","low","low","true","false",""
"1248","https://gwhqshlpglptxsexagcz.supabase.co/storage/v1/object/public/images/6a8cf369-8209-4a7e-beb4-7578374b0aee/photo-1770472981728.jpg","374","nutrition_label","Рулет с арахисом","nutrition_label","374","7.5","21.8","36.9","140","high","nutrition_table","high","low","low","true","false",""
"1253","https://gwhqshlpglptxsexagcz.supabase.co/storage/v1/object/public/images/6a8cf369-8209-4a7e-beb4-7578374b0aee/photo-1770488543992.jpg","187","nutrition_label","Блины с семгой","nutrition_label","186.9","11.4","8.9","15.3","150","high","nutrition_table","high","medium","low","true","true",""
"1254","https://gwhqshlpglptxsexagcz.supabase.co/storage/v1/object/public/images/6a8cf369-8209-4a7e-beb4-7578374b0aee/photo-1770488859362.jpg","440","nutrition_label","Пирожное песочное ""Альпийские Склоны""","nutrition_label","440","7","17","64","80","high","nutrition_table","high","medium","low","true","false",""
"1259","https://gwhqshlpglptxsexagcz.supabase.co/storage/v1/object/public/images/6a8cf369-8209-4a7e-beb4-7578374b0aee/photo-1770556368170.jpg","248","nutrition_label","Блины с ветчиной и сыром","nutrition_label","248","6","22","14","200","high","nutrition_table","high","low","low","true","true",""
"1264","https://gwhqshlpglptxsexagcz.supabase.co/storage/v1/object/public/images/6a8cf369-8209-4a7e-beb4-7578374b0aee/photo-1770568319318.jpg","356","label","Сырок глазированный ванильный","product","356","9","20.5","33.9","40","high","package_text","high","low","low","true","false",""
"1266","https://gwhqshlpglptxsexagcz.supabase.co/storage/v1/object/public/images/6a8cf369-8209-4a7e-beb4-7578374b0aee/photo-1770568482108.jpg","560","label","Вафельная трубочка с варёной сгущёнкой","product","560","","39.5","44.8","60","high","package_text","high","low","low","true","false",""
"1267","https://gwhqshlpglptxsexagcz.supabase.co/storage/v1/object/public/images/6a8cf369-8209-4a7e-beb4-7578374b0aee/photo-1770569033706.jpg","237","label","Сэндвич-ролл с салатом ""Цезарь"" (черный)","label","236.8","10","8","30.6","0.118","high","package_text","high","low","low","true","false",""
"1268","https://gwhqshlpglptxsexagcz.supabase.co/storage/v1/object/public/images/6a8cf369-8209-4a7e-beb4-7578374b0aee/photo-1770569543948.jpg","240","nutrition_label","Мороженое пломбир шоколад","nutrition_label","240","3.7","14.7","22.5","100","high","nutrition_table","high","low","low","true","false",""
"1270","https://gwhqshlpglptxsexagcz.supabase.co/storage/v1/object/public/images/6a8cf369-8209-4a7e-beb4-7578374b0aee/photo-1770574332294.jpg","344","label","Мороженое молочное эскимо SNICKERS с карамелью и арахисом, в глазури","label","344","5.6","21.1","31.7","65","high","package_text","high","low","low","true","false",""
"1285","https://gwhqshlpglptxsexagcz.supabase.co/storage/v1/object/public/images/6a8cf369-8209-4a7e-beb4-7578374b0aee/photo-1770658906171.jpg","556","nutrition_label","молочный шоколад с цельным миндалем","nutrition_label","556","9.5","35","48","","high","nutrition_table","high","low","low","true","false",""
"1281","https://gwhqshlpglptxsexagcz.supabase.co/storage/v1/object/public/images/6a8cf369-8209-4a7e-beb4-7578374b0aee/photo-1770657411779.jpg","277","label","Суши-сэндвич с крабовыми палочками и соусом «Спайси»","nutrition_label","277","4.5","20.6","18.4","210","high","nutrition_table","high","low","low","true","true",""
"1282","https://gwhqshlpglptxsexagcz.supabase.co/storage/v1/object/public/images/6a8cf369-8209-4a7e-beb4-7578374b0aee/photo-1770657917939.jpg","506","nutrition_label","Шоколад","nutrition_label","506","5.2","25","64","","high","nutrition_table","high","medium","low","true","false",""
"1283","https://gwhqshlpglptxsexagcz.supabase.co/storage/v1/object/public/images/6a8cf369-8209-4a7e-beb4-7578374b0aee/photo-1770658229502.jpg","370","nutrition_label","Десерт глазированный «Капсы» со вкусом арахисовая паста","nutrition_label","370","18","28","15","70","high","nutrition_table","high","low","low","true","false",""
"1284","https://gwhqshlpglptxsexagcz.supabase.co/storage/v1/object/public/images/6a8cf369-8209-4a7e-beb4-7578374b0aee/photo-1770658439571.jpg","143","nutrition_label","Хлебцы хрустящие гречневые","nutrition_label","143","6.5","9","15","40","high","nutrition_table","medium","low","low","true","false",""
"1289","https://gwhqshlpglptxsexagcz.supabase.co/storage/v1/object/public/images/6a8cf369-8209-4a7e-beb4-7578374b0aee/photo-1770683698808.jpg","309","nutrition_label","Рогалик с яблоком и корицей","nutrition_label","309","5.8","8.9","50.6","75","high","nutrition_table","high","medium","low","true","false",""
"1292","https://gwhqshlpglptxsexagcz.supabase.co/storage/v1/object/public/images/6a8cf369-8209-4a7e-beb4-7578374b0aee/photo-1770720053747.jpg","238","label","Творожный сыр Hochland сливочный","product","238","6.1","22.2","3.5","100","high","package_text","high","low","low","true","false",""
"1293","https://gwhqshlpglptxsexagcz.supabase.co/storage/v1/object/public/images/6a8cf369-8209-4a7e-beb4-7578374b0aee/photo-1770720192436.jpg","136","nutrition_label","Форель радужная малосоленая ломтики","nutrition_label","136.2","14.7","8.6","","150","high","nutrition_table","high","low","low","true","false",""
"1302","https://gwhqshlpglptxsexagcz.supabase.co/storage/v1/object/public/images/6a8cf369-8209-4a7e-beb4-7578374b0aee/photo-1770755072143.jpg","258","nutrition_label","Йогуртовый десерт с медовыми коржами и вишней","nutrition_label","258","3","14","30","","high","nutrition_table","high","medium","low","true","false",""
"1303","https://gwhqshlpglptxsexagcz.supabase.co/storage/v1/object/public/images/6a8cf369-8209-4a7e-beb4-7578374b0aee/photo-1770755816116.jpg","198","nutrition_label","Конвертики с крем-чиз и вишней","nutrition_label","198.1","4.4","10.9","20.6","140","high","nutrition_table","high","medium","low","true","false",""
"1305","https://gwhqshlpglptxsexagcz.supabase.co/storage/v1/object/public/images/6a8cf369-8209-4a7e-beb4-7578374b0aee/photo-1770761825667.jpg","386","nutrition_label","Мармелад клубничный","nutrition_label","385.5","0.5","3","92.1","","high","nutrition_table","high","low","low","true","false",""
"1308","https://gwhqshlpglptxsexagcz.supabase.co/storage/v1/object/public/images/6a8cf369-8209-4a7e-beb4-7578374b0aee/photo-1770815778948.jpg","76","nutrition_label","биойогурт малина и гранола","nutrition_label","197.6","7.54","5.2","29.9","260","high","nutrition_table","high","low","low","true","false",""
"1340","https://gwhqshlpglptxsexagcz.supabase.co/storage/v1/object/public/images/6a8cf369-8209-4a7e-beb4-7578374b0aee/photo-1770981958455.jpg","115","nutrition_label","Белковый батончик","nutrition_label","480","6.8","6.6","2.5","45","high","nutrition_table","high","low","low","true","false",""
"1313","https://gwhqshlpglptxsexagcz.supabase.co/storage/v1/object/public/images/6a8cf369-8209-4a7e-beb4-7578374b0aee/photo-1770817147513.jpg","552","nutrition_label","Шоколад с карамелью и печеньем","nutrition_label","551.8","6.2","35","53","100","high","nutrition_table","high","low","low","true","false",""
"1314","https://gwhqshlpglptxsexagcz.supabase.co/storage/v1/object/public/images/6a8cf369-8209-4a7e-beb4-7578374b0aee/photo-1770837020927.jpg","350","nutrition_label","Эскимо пломбир в шоколадной глазури Мишка","nutrition_label","230","2.3","17","15.7","","high","nutrition_table","high","medium","low","true","false",""
"1315","https://gwhqshlpglptxsexagcz.supabase.co/storage/v1/object/public/images/6a8cf369-8209-4a7e-beb4-7578374b0aee/photo-1770839413993.jpg","140","label","Консервы рыбные стерилизованные горбуша натуральная (куски)","product","140","","","","100","high","package_text","high","medium","low","true","false",""
"1317","https://gwhqshlpglptxsexagcz.supabase.co/storage/v1/object/public/images/6a8cf369-8209-4a7e-beb4-7578374b0aee/photo-1770844972656.jpg","479","nutrition_label","Шоколад тёмный с марципановой начинкой","nutrition_label","479","70","27","52","100","high","nutrition_table","high","low","low","true","false",""
"1332","https://gwhqshlpglptxsexagcz.supabase.co/storage/v1/object/public/images/6a8cf369-8209-4a7e-beb4-7578374b0aee/photo-1770925233781.jpg","400","label","Улитка с миндалем","product","400","5.9","23.4","41.6","90","high","package_text","high","low","low","true","false",""
"1333","https://gwhqshlpglptxsexagcz.supabase.co/storage/v1/object/public/images/6a8cf369-8209-4a7e-beb4-7578374b0aee/photo-1770925377709.jpg","390","label","Бон Синамон","product","390","5","14","60","115","high","package_text","high","low","low","true","false",""
"1334","https://gwhqshlpglptxsexagcz.supabase.co/storage/v1/object/public/images/6a8cf369-8209-4a7e-beb4-7578374b0aee/photo-1770927477909.jpg","202","nutrition_label","мороженое Snickers","nutrition_label","202","","9.2","16.8","69","high","nutrition_table","medium","low","low","true","false",""
"1335","https://gwhqshlpglptxsexagcz.supabase.co/storage/v1/object/public/images/6a8cf369-8209-4a7e-beb4-7578374b0aee/photo-1770929446265.jpg","280","nutrition_label","Мороженое пломбир шоколадный с крошкой","nutrition_label","280","5","16","29","","high","nutrition_table","high","low","low","true","false",""
"1337","https://gwhqshlpglptxsexagcz.supabase.co/storage/v1/object/public/images/6a8cf369-8209-4a7e-beb4-7578374b0aee/photo-1770938198439.jpg","105","nutrition_label","Шоколадный батончик Goodmix","nutrition_label","105","1.2","5.6","12","20","high","nutrition_table","high","low","low","true","false",""
"1342","https://gwhqshlpglptxsexagcz.supabase.co/storage/v1/object/public/images/6a8cf369-8209-4a7e-beb4-7578374b0aee/photo-1771008449980.jpg","352","nutrition_label","Конфеты мармеладные с начинкой манго","nutrition_label","352","","","","55","high","nutrition_table","high","medium","low","true","false",""
"1360","https://gwhqshlpglptxsexagcz.supabase.co/storage/v1/object/public/images/6a8cf369-8209-4a7e-beb4-7578374b0aee/photo-1771177936373.jpg","432","nutrition_label","Острые снеки","nutrition_label","432","5.6","25.9","44.2","76","high","nutrition_table","high","low","low","true","false",""
"1364","https://gwhqshlpglptxsexagcz.supabase.co/storage/v1/object/public/images/6a8cf369-8209-4a7e-beb4-7578374b0aee/photo-1771181786865.jpg","305","nutrition_label","Омлет с курицей и сыром","nutrition_label","304.5","15","22.5","10.5","150","high","nutrition_table","high","low","low","true","true",""
"1365","https://gwhqshlpglptxsexagcz.supabase.co/storage/v1/object/public/images/6a8cf369-8209-4a7e-beb4-7578374b0aee/photo-1771182187010.jpg","420","label","Швейцарский рулет Ковис","product","420","5.5","17","60","","high","package_text","medium","low","low","true","false",""
"1367","https://gwhqshlpglptxsexagcz.supabase.co/storage/v1/object/public/images/6a8cf369-8209-4a7e-beb4-7578374b0aee/photo-1771183973668.jpg","255","nutrition_label","Сэндвич с беконом и скрэмблом на хлебе с отрубями","nutrition_label","255.4","9.6","","28.6","200","high","nutrition_table","high","medium","low","true","true",""
"1378","https://gwhqshlpglptxsexagcz.supabase.co/storage/v1/object/public/images/6a8cf369-8209-4a7e-beb4-7578374b0aee/photo-1771288041976.jpg","332","nutrition_label","Жевательная резинка","nutrition_label","332","0","0","83","90","high","nutrition_table","high","low","low","true","false",""
"1399","https://gwhqshlpglptxsexagcz.supabase.co/storage/v1/object/public/images/6a8cf369-8209-4a7e-beb4-7578374b0aee/photo-1771415037179.jpg","261","nutrition_label","Ромовая баба","nutrition_label","261.3","2.2","8.5","44","","high","nutrition_table","high","medium","low","true","false",""
"1403","https://gwhqshlpglptxsexagcz.supabase.co/storage/v1/object/public/images/6a8cf369-8209-4a7e-beb4-7578374b0aee/photo-1771435056816.jpg","110","nutrition_label","Творожок с вишней и бананом","nutrition_label","110","6.8","3.6","12.7","","high","nutrition_table","high","low","low","true","true",""
"1404","https://gwhqshlpglptxsexagcz.supabase.co/storage/v1/object/public/images/6a8cf369-8209-4a7e-beb4-7578374b0aee/photo-1771435066620.jpg","111","label","Творожок с ананасом и бананом","label","111","6.8","3.6","12.9","","high","package_text","high","medium","low","true","false",""
"1405","https://gwhqshlpglptxsexagcz.supabase.co/storage/v1/object/public/images/6a8cf369-8209-4a7e-beb4-7578374b0aee/photo-1771435080999.jpg","111","label","Творожок с ананасом и бананом","product","111","6.8","3.6","12.9","","high","package_text","high","low","low","true","false",""
"1406","https://gwhqshlpglptxsexagcz.supabase.co/storage/v1/object/public/images/6a8cf369-8209-4a7e-beb4-7578374b0aee/photo-1771435094717.jpg","87","nutrition_label","Греческий йогурт с печеным яблоком и карамелью","nutrition_label","87","7","1.7","11","","high","nutrition_table","high","low","low","true","false",""
"1408","https://gwhqshlpglptxsexagcz.supabase.co/storage/v1/object/public/images/6a8cf369-8209-4a7e-beb4-7578374b0aee/photo-1771439832494.jpg","429","label","Пирожное «Морковка»","label","","","","","","medium","package_text","high","medium","low","true","false",""
"1409","https://gwhqshlpglptxsexagcz.supabase.co/storage/v1/object/public/images/6a8cf369-8209-4a7e-beb4-7578374b0aee/photo-1771440019723.jpg","374","nutrition_label","Глазированный сырок с персиком и страчателлой","nutrition_label","374.4","7","23.6","33.5","50","high","nutrition_table","high","low","low","true","false",""
"1410","https://gwhqshlpglptxsexagcz.supabase.co/storage/v1/object/public/images/6a8cf369-8209-4a7e-beb4-7578374b0aee/photo-1771443886708.jpg","324","nutrition_label","Зефир жевательный с начинкой «Яблоко»","nutrition_label","324","4","0","77","55","high","nutrition_table","high","medium","low","true","false",""
"1413","https://gwhqshlpglptxsexagcz.supabase.co/storage/v1/object/public/images/6a8cf369-8209-4a7e-beb4-7578374b0aee/photo-1771448234775.jpg","74","nutrition_label","Суп Том Ям Вегетарианский","nutrition_label","74.3","1.4","4.3","7.5","270","high","nutrition_table","high","low","low","true","true",""
"1424","https://gwhqshlpglptxsexagcz.supabase.co/storage/v1/object/public/images/6a8cf369-8209-4a7e-beb4-7578374b0aee/photo-1771531970106.jpg","524","nutrition_label","Шоколад Milka","nutrition_label","524","4.3","30","59","","high","nutrition_table","high","low","low","true","false",""
"1414","https://gwhqshlpglptxsexagcz.supabase.co/storage/v1/object/public/images/6a8cf369-8209-4a7e-beb4-7578374b0aee/photo-1771448789461.jpg","420","label","Пирожное «ОРЕХОВОЕ»","nutrition_label","420","10","11","69","","high","nutrition_table","high","medium","low","false","true",""
"1416","https://gwhqshlpglptxsexagcz.supabase.co/storage/v1/object/public/images/6a8cf369-8209-4a7e-beb4-7578374b0aee/photo-1771450313144.jpg","535","nutrition_label","снеки","nutrition_label","535","6.5","32","53","100","high","nutrition_table","high","low","low","true","false",""
"1421","https://gwhqshlpglptxsexagcz.supabase.co/storage/v1/object/public/images/6a8cf369-8209-4a7e-beb4-7578374b0aee/photo-1771509466077.jpg","77","nutrition_label","Йогурт","nutrition_label","77","2.8","2","12","120","high","nutrition_table","high","low","low","true","false",""
"1422","https://gwhqshlpglptxsexagcz.supabase.co/storage/v1/object/public/images/6a8cf369-8209-4a7e-beb4-7578374b0aee/photo-1771509660613.jpg","477","label","Сырники с курагой жареные","product","477","","","","220","high","package_text","high","low","low","false","true",""
"1427","https://gwhqshlpglptxsexagcz.supabase.co/storage/v1/object/public/images/6a8cf369-8209-4a7e-beb4-7578374b0aee/photo-1771533415642.jpg","300","nutrition_label","Пирожное бисквитное","nutrition_label","300","3.3","11","30","","high","nutrition_table","high","medium","low","true","false",""
"1439","https://gwhqshlpglptxsexagcz.supabase.co/storage/v1/object/public/images/6a8cf369-8209-4a7e-beb4-7578374b0aee/photo-1771618878490.jpg","540","nutrition_label","соус","nutrition_label","540","6","32","54","100","high","nutrition_table","high","medium","low","true","false",""
"1436","https://gwhqshlpglptxsexagcz.supabase.co/storage/v1/object/public/images/6a8cf369-8209-4a7e-beb4-7578374b0aee/photo-1771603061318.jpg","360","nutrition_label","Рис Краснодарский","nutrition_label","360","6.5","0.5","83","","high","nutrition_table","high","medium","low","true","false",""
"1433","https://gwhqshlpglptxsexagcz.supabase.co/storage/v1/object/public/images/6a8cf369-8209-4a7e-beb4-7578374b0aee/photo-1771601636125.jpg","237","nutrition_label","Котлеты из цыпленка-бройлера с ветчиной","nutrition_label","237.3","26.4","12.9","3.9","0.38","high","nutrition_table","high","low","low","true","false",""
"1445","https://gwhqshlpglptxsexagcz.supabase.co/storage/v1/object/public/images/6a8cf369-8209-4a7e-beb4-7578374b0aee/photo-1771669407570.jpg","293","nutrition_label","Пирожные заварные «Кольца «Фили-Бейкер»","nutrition_label","293","8.2","13.6","34.3","300","high","nutrition_table","high","medium","low","false","false",""
"1457","https://gwhqshlpglptxsexagcz.supabase.co/storage/v1/object/public/images/6a8cf369-8209-4a7e-beb4-7578374b0aee/photo-1771687363710.jpg","192","nutrition_label","Сэндвич-ролл в тортилье с омлетом, курицей и соусом «Ранч»","nutrition_label","404","20.37","22.26","30.45","210","high","nutrition_table","high","low","low","true","true",""
"1458","https://gwhqshlpglptxsexagcz.supabase.co/storage/v1/object/public/images/1cb31d81-ddea-4f5e-bbd9-758f10ffb845/photo-1772037212958.jpg","1","non_edible","","","","","","","","","","","","","","",""
"1467","https://gwhqshlpglptxsexagcz.supabase.co/storage/v1/object/public/images/6a8cf369-8209-4a7e-beb4-7578374b0aee/photo-1772052767095.jpg","505","nutrition_label","Печенье ""Piezza mini pizza"" со вкусом ""Грибов Трюфель""","nutrition_label","505","4.8","28.5","57","21","high","nutrition_table","high","low","low","true","false",""
"1468","https://gwhqshlpglptxsexagcz.supabase.co/storage/v1/object/public/images/1cb31d81-ddea-4f5e-bbd9-758f10ffb845/photo-1772099335504.jpg","105","product","Тыквенная запеканка с маком","product","","","","","","low","visual_estimate","medium","medium","high","false","true",""
"1469","https://gwhqshlpglptxsexagcz.supabase.co/storage/v1/object/public/images/6a8cf369-8209-4a7e-beb4-7578374b0aee/photo-1772100440820.jpg","60","label","Молоко Домик в деревне 3,2%","product","58","2.9","3.2","4.7","2000","high","package_text","high","low","low","true","false",""
"1471","https://gwhqshlpglptxsexagcz.supabase.co/storage/v1/object/public/images/6a8cf369-8209-4a7e-beb4-7578374b0aee/photo-1772100627609.jpg","85","product","Овсяная каша","product","","","","","","low","visual_estimate","none","medium","medium","true","true",""
"1477","https://gwhqshlpglptxsexagcz.supabase.co/storage/v1/object/public/images/6a8cf369-8209-4a7e-beb4-7578374b0aee/photo-1772116229666.jpg","310","product","Гречневая каша","product","140","5","1","29","200","medium","visual_estimate","none","medium","medium","true","false",""
"1470","https://gwhqshlpglptxsexagcz.supabase.co/storage/v1/object/public/images/6a8cf369-8209-4a7e-beb4-7578374b0aee/photo-1772100483470.jpg","105","product","запеканка","product","","","","","","low","visual_estimate","none","medium","medium","false","true",""
"1479","https://gwhqshlpglptxsexagcz.supabase.co/storage/v1/object/public/images/6a8cf369-8209-4a7e-beb4-7578374b0aee/photo-1772118537505.jpg","77","label","Биойогурт персик-маракуйя","product","","","","","","medium","package_text","high","low","low","true","false",""
"1481","https://gwhqshlpglptxsexagcz.supabase.co/storage/v1/object/public/images/6a8cf369-8209-4a7e-beb4-7578374b0aee/photo-1772123025095.jpg","356","nutrition_label","Маршмеллоу с начинкой со вкусом персика","nutrition_label","356","4.7","0","84.3","55","high","nutrition_table","high","low","low","true","false",""
"1482","https://gwhqshlpglptxsexagcz.supabase.co/storage/v1/object/public/images/1cb31d81-ddea-4f5e-bbd9-758f10ffb845/photo-1772124428833.jpg","192","product","тофу","product","200","20","12","6","140","low","visual_estimate","none","medium","medium","false","false",""
"1488","https://gwhqshlpglptxsexagcz.supabase.co/storage/v1/object/public/images/6a8cf369-8209-4a7e-beb4-7578374b0aee/photo-1772144958732.jpg","495","label","марципан","product","","","","","","medium","package_text","low","low","medium","true","false",""
"1489","https://gwhqshlpglptxsexagcz.supabase.co/storage/v1/object/public/images/6a8cf369-8209-4a7e-beb4-7578374b0aee/photo-1772145182477.jpg","455","nutrition_label","Молочный шоколад Truffino Dubai style","nutrition_label","455","9.5","22.3","51.8","39","high","nutrition_table","high","medium","low","true","false",""
"1497","https://gwhqshlpglptxsexagcz.supabase.co/storage/v1/object/public/images/6a8cf369-8209-4a7e-beb4-7578374b0aee/photo-1772211613020.jpg","2","label","Напиток безалкогольный «Волшебный ключик»","product","2","","","0.5","","high","package_text","high","medium","low","true","false",""
"1498","https://gwhqshlpglptxsexagcz.supabase.co/storage/v1/object/public/images/1cb31d81-ddea-4f5e-bbd9-758f10ffb845/photo-1772212022879.jpg","","non_edible","","","","","","","","","","","","","","",""
"1499","https://gwhqshlpglptxsexagcz.supabase.co/storage/v1/object/public/images/1cb31d81-ddea-4f5e-bbd9-758f10ffb845/photo-1772212124941.jpg","","label","яблоки Голден","label","","","","","700","medium","package_text","medium","medium","low","false","false",""
"1500","https://gwhqshlpglptxsexagcz.supabase.co/storage/v1/object/public/images/1cb31d81-ddea-4f5e-bbd9-758f10ffb845/photo-1772212139033.jpg","250","nutrition_label","Цикорий с черникой","nutrition_label","250","","0.5","57","85","high","nutrition_table","high","low","low","true","false",""
"1501","https://gwhqshlpglptxsexagcz.supabase.co/storage/v1/object/public/images/1cb31d81-ddea-4f5e-bbd9-758f10ffb845/photo-1772212156165.jpg","288","nutrition_label","Цикорий растворимый с черникой и шиповником","nutrition_label","288","4","0.1","68","100","high","nutrition_table","high","low","low","true","false",""
"1504","https://gwhqshlpglptxsexagcz.supabase.co/storage/v1/object/public/images/1cb31d81-ddea-4f5e-bbd9-758f10ffb845/photo-1772215553006.jpg","250","product","Картофельное пюре с котлетой","product","","","","","","low","visual_estimate","none","high","high","false","true",""
"1520","https://gwhqshlpglptxsexagcz.supabase.co/storage/v1/object/public/images/1cb31d81-ddea-4f5e-bbd9-758f10ffb845/photo-1772313897624.jpg","41","product","Морковь","product","41","0.9","0.2","9.6","","high","visual_estimate","none","medium","low","true","false",""
"1546","https://gwhqshlpglptxsexagcz.supabase.co/storage/v1/object/public/images/6a8cf369-8209-4a7e-beb4-7578374b0aee/photo-1772364484106.jpg","230","nutrition_label","Торт «Маракуйя»","nutrition_label","230.2","6.1","11.8","24.9","100","high","nutrition_table","high","medium","low","true","false",""
"1527","https://gwhqshlpglptxsexagcz.supabase.co/storage/v1/object/public/images/1cb31d81-ddea-4f5e-bbd9-758f10ffb845/photo-1772352760393.jpg","41","product","Морковь","product","41","0.9","0.2","9.6","60","high","visual_estimate","none","low","low","true","false",""
"1528","https://gwhqshlpglptxsexagcz.supabase.co/storage/v1/object/public/images/1cb31d81-ddea-4f5e-bbd9-758f10ffb845/photo-1772352807462.jpg","41","product","Морковь","product","41","0.9","0.2","9.6","","high","visual_estimate","none","low","low","true","false",""
"1529","https://gwhqshlpglptxsexagcz.supabase.co/storage/v1/object/public/images/1cb31d81-ddea-4f5e-bbd9-758f10ffb845/photo-1772352838154.jpg","41","product","Морковь","product","41","0.9","0.2","9.6","","high","visual_estimate","none","low","low","true","false",""
"1553","https://gwhqshlpglptxsexagcz.supabase.co/storage/v1/object/public/images/1cb31d81-ddea-4f5e-bbd9-758f10ffb845/photo-1772375518375.jpg","","product","Хот-дог в тесте","product","","","","","95","high","visual_estimate","medium","low","low","true","true",""
"1532","https://gwhqshlpglptxsexagcz.supabase.co/storage/v1/object/public/images/1cb31d81-ddea-4f5e-bbd9-758f10ffb845/photo-1772352916681.jpg","300","non_edible","","","","","","","","","","","","","","",""
"1533","https://gwhqshlpglptxsexagcz.supabase.co/storage/v1/object/public/images/1cb31d81-ddea-4f5e-bbd9-758f10ffb845/photo-1772352961350.jpg","100","non_edible","","","","","","","","","","","","","","",""
"1554","https://gwhqshlpglptxsexagcz.supabase.co/storage/v1/object/public/images/1cb31d81-ddea-4f5e-bbd9-758f10ffb845/photo-1772446807277.jpg","236","nutrition_label","Лазанья мясная","nutrition_label","235.6","3.1","16.8","18","250","high","nutrition_table","high","low","low","true","true",""
"1555","https://gwhqshlpglptxsexagcz.supabase.co/storage/v1/object/public/images/1cb31d81-ddea-4f5e-bbd9-758f10ffb845/photo-1772446838493.jpg","550","label","Шоколад Ritter Sport Лимонный Мусс","product","","","","","","medium","package_text","high","low","low","true","false",""
"1556","https://gwhqshlpglptxsexagcz.supabase.co/storage/v1/object/public/images/1cb31d81-ddea-4f5e-bbd9-758f10ffb845/photo-1772446847232.jpg","589","nutrition_label","Шоколад белый с лимонной начинкой Ritter Sport","nutrition_label","589","5.9","41","49","100","high","nutrition_table","high","low","low","true","false",""
"1544","https://gwhqshlpglptxsexagcz.supabase.co/storage/v1/object/public/images/6a8cf369-8209-4a7e-beb4-7578374b0aee/photo-1772364402016.jpg","317","nutrition_label","Пищевая ценность (Nutrition facts)","nutrition_label","317","6","12.7","34.5","500","high","nutrition_table","high","low","low","false","true",""
"1557","https://gwhqshlpglptxsexagcz.supabase.co/storage/v1/object/public/images/1cb31d81-ddea-4f5e-bbd9-758f10ffb845/photo-1772446887272.jpg","540","label","Шоколадные конфеты Merci","product","","","","","","medium","package_text","high","medium","low","false","true",""
"1559","https://gwhqshlpglptxsexagcz.supabase.co/storage/v1/object/public/images/1cb31d81-ddea-4f5e-bbd9-758f10ffb845/photo-1772447052273.jpg","","product","Мандарин","product","27","0.46","0.17","6.79","58","high","mixed","high","low","low","true","false",""
"1545","https://gwhqshlpglptxsexagcz.supabase.co/storage/v1/object/public/images/6a8cf369-8209-4a7e-beb4-7578374b0aee/photo-1772364467869.jpg","316","nutrition_label","торт Тирамису веган","nutrition_label","315.6","5.4","17.6","33.9","","high","nutrition_table","high","medium","low","true","false",""
"1562","https://gwhqshlpglptxsexagcz.supabase.co/storage/v1/object/public/images/1cb31d81-ddea-4f5e-bbd9-758f10ffb845/photo-1772447105024.jpg","563","label","Конфеты Merci","product","","","","","26","high","package_text","high","low","low","false","false",""
"1547","https://gwhqshlpglptxsexagcz.supabase.co/storage/v1/object/public/images/6a8cf369-8209-4a7e-beb4-7578374b0aee/photo-1772364496287.jpg","413","nutrition_label","Торт Постный Морковный с Пеканом","nutrition_label","413.2","3.7","25.6","42","500","high","nutrition_table","high","medium","low","true","false",""
"1549","https://gwhqshlpglptxsexagcz.supabase.co/storage/v1/object/public/images/6a8cf369-8209-4a7e-beb4-7578374b0aee/photo-1772364567149.jpg","530","nutrition_label","молочный шоколад с солеными фисташками","nutrition_label","529.6","8.4","32","52","100","high","nutrition_table","high","low","low","true","false",""
"1551","https://gwhqshlpglptxsexagcz.supabase.co/storage/v1/object/public/images/1cb31d81-ddea-4f5e-bbd9-758f10ffb845/photo-1772365011831.jpg","590","nutrition_label","Молочный шоколад O'ZERA с цельным фундуком","nutrition_label","590","11","45","36","150","high","nutrition_table","high","low","low","true","false",""
"1558","https://gwhqshlpglptxsexagcz.supabase.co/storage/v1/object/public/images/1cb31d81-ddea-4f5e-bbd9-758f10ffb845/photo-1772446907663.jpg","563","nutrition_label","Шоколадные конфеты Merci","nutrition_label","563","7.6","36.1","50","250","high","nutrition_table","high","medium","low","false","true",""
"1560","https://gwhqshlpglptxsexagcz.supabase.co/storage/v1/object/public/images/1cb31d81-ddea-4f5e-bbd9-758f10ffb845/photo-1772447061926.jpg","","product","Грейпфрут","product","142","2.7","0.4","36.3","354","high","mixed","high","low","low","true","false",""
"1561","https://gwhqshlpglptxsexagcz.supabase.co/storage/v1/object/public/images/1cb31d81-ddea-4f5e-bbd9-758f10ffb845/photo-1772447071123.jpg","275","product","Банан","product","","","","","303","high","visual_estimate","low","low","low","false","false",""
"1564","https://gwhqshlpglptxsexagcz.supabase.co/storage/v1/object/public/images/6a8cf369-8209-4a7e-beb4-7578374b0aee/photo-1772449467489.jpg","155","product","Яйца","product","","","","","","medium","visual_estimate","none","medium","low","false","false",""
"1563","https://gwhqshlpglptxsexagcz.supabase.co/storage/v1/object/public/images/1cb31d81-ddea-4f5e-bbd9-758f10ffb845/photo-1772447138929.jpg","340","product","Булочка с семечками","product","","","","","71","high","visual_estimate","high","low","low","true","false",""
"1565","https://gwhqshlpglptxsexagcz.supabase.co/storage/v1/object/public/images/6a8cf369-8209-4a7e-beb4-7578374b0aee/photo-1772449530135.jpg","154","product","Яйцо куриное","product","95","7.8","6.8","0.6","61","high","visual_estimate","high","low","low","true","false",""
"1568","https://gwhqshlpglptxsexagcz.supabase.co/storage/v1/object/public/images/6a8cf369-8209-4a7e-beb4-7578374b0aee/photo-1772451180286.jpg","41","product","Морковь","product","13","0.3","0.05","3","30","high","visual_estimate","none","low","low","true","false",""
"1550","https://gwhqshlpglptxsexagcz.supabase.co/storage/v1/object/public/images/6a8cf369-8209-4a7e-beb4-7578374b0aee/photo-1772364764409.jpg","590","label","Молочный шоколад O`Zera с цельным фундуком","label","590","11","45","36","150","high","package_text","high","medium","low","true","false",""
"1570","https://gwhqshlpglptxsexagcz.supabase.co/storage/v1/object/public/images/6a8cf369-8209-4a7e-beb4-7578374b0aee/photo-1772451307340.jpg","546","label","Шоколад OZERA ручной работы","product","","","","","","medium","visual_estimate","high","medium","medium","true","false",""
"1571","https://gwhqshlpglptxsexagcz.supabase.co/storage/v1/object/public/images/6a8cf369-8209-4a7e-beb4-7578374b0aee/photo-1772451315109.jpg","590","nutrition_label","Молочный шоколад O'Zera с цельным фундуком","nutrition_label","590","11","45","36","150","high","nutrition_table","high","medium","low","true","false",""
"1573","https://gwhqshlpglptxsexagcz.supabase.co/storage/v1/object/public/images/1cb31d81-ddea-4f5e-bbd9-758f10ffb845/photo-1772452988012.jpg","0","non_edible","","","","","","","","","","","","","","",""
"1574","https://gwhqshlpglptxsexagcz.supabase.co/storage/v1/object/public/images/6a8cf369-8209-4a7e-beb4-7578374b0aee/photo-1772464542224.jpg","340","product","Гречневая каша","product","150","5","1.5","30","150","medium","visual_estimate","none","low","medium","true","false",""
"1583","https://gwhqshlpglptxsexagcz.supabase.co/storage/v1/object/public/images/6a8cf369-8209-4a7e-beb4-7578374b0aee/photo-1772487592002.jpg","131","nutrition_label","Творожный Даниссимо Королевская клубника","nutrition_label","170","","","","130","high","nutrition_table","high","low","low","true","false",""
"1575","https://gwhqshlpglptxsexagcz.supabase.co/storage/v1/object/public/images/6a8cf369-8209-4a7e-beb4-7578374b0aee/photo-1772465274991.jpg","131","label","Риет из морских водорослей с грибами","product","","","","","150","high","package_text","high","low","low","true","true",""
"1576","https://gwhqshlpglptxsexagcz.supabase.co/storage/v1/object/public/images/6a8cf369-8209-4a7e-beb4-7578374b0aee/photo-1772465291149.jpg","131","label","Рыбное кулинарное изделие, салат из капусты морской маринованный ""Риет"" ""Закуска"" с грибами","product","131","1.4","9.4","10.1","150","high","package_text","high","low","low","true","false",""
"1578","https://gwhqshlpglptxsexagcz.supabase.co/storage/v1/object/public/images/6a8cf369-8209-4a7e-beb4-7578374b0aee/photo-1772465649939.jpg","55","label","Конфета Merci","product","","","","","","medium","visual_estimate","medium","low","low","true","false",""
"1589","https://gwhqshlpglptxsexagcz.supabase.co/storage/v1/object/public/images/6a8cf369-8209-4a7e-beb4-7578374b0aee/photo-1772541106962.jpg","362","nutrition_label","Блинчики с вишней и крем-чиз","nutrition_label","362.1","9.9","18.4","39.2","","high","nutrition_table","high","medium","low","false","true",""
"1580","https://gwhqshlpglptxsexagcz.supabase.co/storage/v1/object/public/images/6a8cf369-8209-4a7e-beb4-7578374b0aee/photo-1772467138338.jpg","400","product","торт","product","","","","","","low","visual_estimate","none","medium","high","true","true",""
"1581","https://gwhqshlpglptxsexagcz.supabase.co/storage/v1/object/public/images/6a8cf369-8209-4a7e-beb4-7578374b0aee/photo-1772467453347.jpg","","label","Конфеты ""Загорская сливочная""","product","","","","","17","medium","package_text","high","low","low","true","false",""
"1584","https://gwhqshlpglptxsexagcz.supabase.co/storage/v1/object/public/images/6a8cf369-8209-4a7e-beb4-7578374b0aee/photo-1772487632017.jpg","131","nutrition_label","Творожный продукт «Даниссимо» Королевская клубника","nutrition_label","131","5.5","5.6","14.6","130","high","nutrition_table","high","low","low","true","false",""
"1590","https://gwhqshlpglptxsexagcz.supabase.co/storage/v1/object/public/images/6a8cf369-8209-4a7e-beb4-7578374b0aee/photo-1772541112379.jpg","362","label","Блинчики с вишней и крем-чизом","product","362.1","","","","160","high","package_text","high","low","low","false","true",""
"1587","https://gwhqshlpglptxsexagcz.supabase.co/storage/v1/object/public/images/6a8cf369-8209-4a7e-beb4-7578374b0aee/photo-1772534919402.jpg","628","product","Конфета Рафаэлло","product","628","7.2","48.6","38.3","10","medium","visual_estimate","none","low","medium","true","false",""
